id,title,subtitle,intro,poster,pubdate,url,rating,comment,tags,star_time
3464142921,麦田里的守望者,[美国] J. D. 塞林格 / 1997 / 译林出版社,"霍尔顿是出身于富裕中产阶级的十六岁少年，在第四次被开除出学校之后，不敢贸然回家，只身在美国最繁华的纽约城游荡了一天两夜，住小客店，逛夜总会，滥交女友，酗酒……他看到了资本主义社会的种种丑恶，接触了各式各样的人物，其中大部分是“假模假式的”伪君子。
霍尔顿几乎看不惯周围发生的一切，他甚至想逃离这个现实世界，到穷乡僻壤去假装一个又聋又哑的人，但要真正这样做，又是不可能的，结果他只能生活在矛盾之中：他这一辈子最痛恨电影，但百无聊赖中又不得不在电影院里消磨时间；他厌恶没有爱情的性关系，却又糊里糊涂地叫来了妓女；他讨厌虚荣庸俗的女友萨丽，却又迷恋她的美色，情不自禁地与她搂搂抱抱。
因此，他尽管看不惯世道，却只好苦闷、彷惶，用种种不切实际的幻想安慰自己，自欺欺人，最后仍不免对现实社会妥协，成不了真正的叛逆，这可以说是作者塞林格和他笔下人物霍尔顿的悲剧所在。",https://img9.doubanio.com/view/subject/l/public/s2738366.jpg,1997-2,https://book.douban.com/subject/1082518/,7.9,,,2022-08-19 20:24:28
3464142823,海底两万里,[法国] 儒尔·凡尔纳 / 2002 / 译林出版社,"本书是法国举世闻名的科幻小说作家儒尔·凡尔纳的代表作之一。
作者让读者登上“鹦鹉螺号”，以平均十二公里的时速，在将近十个月的海底旅行中，随着尼摩船长和他的“客人们”饱览海底变幻无穷的奇异景观和各类生物；航程中高潮迭起，有海底狩猎，参观海底森林，探访海底亚特兰蒂斯废墟，打捞西班牙沉船的财宝，目睹珊瑚王国的葬礼，与大蜘蛛、鲨鱼、章鱼搏斗， 击退土著人的围攻等等。
十九世纪下半叶，“异国风情”曾受到不少作家，画家的青睐和读者的追捧，《海底两万里》的奇妙旅行为异域风情另辟蹊径，使人耳目一新；这就是为什么这部“海洋小说”不仅在当时一出版即成为畅销书，而且日后受到一代又一代读者欢迎的原因。",https://img9.doubanio.com/view/subject/l/public/s1817666.jpg,2002-9,https://book.douban.com/subject/1085470/,8.6,,,2022-08-19 20:24:21
3464142730,人类简史,[以色列] 尤瓦尔·赫拉利 / 2014 / 中信出版社,"十万年前，地球上至少有六种不同的人
但今日，世界舞台为什么只剩下了我们自己？
从只能啃食虎狼吃剩的残骨的猿人，到跃居食物链顶端的智人，
从雪维洞穴壁上的原始人手印，到阿姆斯壮踩上月球的脚印，
从认知革命、农业革命，到科学革命、生物科技革命，
我们如何登上世界舞台成为万物之灵的？
从公元前1776年的《汉摩拉比法典》，到1776年的美国独立宣言，
从帝国主义、资本主义，到自由主义、消费主义，
从兽欲，到物欲，从兽性、人性，到神性，
我们了解自己吗？我们过得更快乐吗？
我们究竟希望自己得到什么、变成什么？
------------------------------------------------------------------------------------------------
【编辑推荐】
1、由书改变而成的人类简史课程风靡全球，成为希伯来大学最受欢迎课程 Coursera最受欢迎课程 ，mooc最受欢迎课程。学界和大众都一致认可，戴蒙德推荐。
2、一大开创性：打通文字发明前后历史的界限。
文字发明之前的年代，是生物学家、考古学家的专长；文字发明之后的年代，是历史学家、政治学家和经济学家的专长；
许多著名史家的作品，欠缺遗传学或生态学的视野，如何让这两大段历史之间没有断层，能够有一以贯之的宏观解读？
本书不同于《枪炮、病菌与钢铁》从生物与环境的角度看人类社会的发展，也不同于麦克尼尔的《世界史》以文明为单位绘制的人类文明交织的世界。 他笔下的历史，在科学中有深沉的人文关怀。
3、填补传统人类史的三大鸿沟：
历史观与哲学观之间的鸿沟（提供有史实根据的深刻哲学思考）；人类和生态系统之间的鸿沟（作者多从生态来思考，而不是只讲人类的利益）；集体和个人之间的鸿沟（检视历史事件如何影响到当时一般人的生活）。
4、四大部分描述人类大历史：
7万年前的大脑认知革命（有能力谈八卦，想象不存在的事物，让陌生人开始合作、建立组织）
1.2万年前的农业革命（让我们渴求更多、生产更多，分工分职愈趋细腻）、
500年前的科学革命（带来快速进步，让我们拥有上帝的力量，也带来毁灭）
全球大一统、人类大融合的关键因素——金钱、帝国、宗教
5、一部个人幸福探索之书。
用通俗的语言和新鲜的视角，将个体的幸福放在人类发展的过程中审视，不再错过历史中最关键、最有意思的部分。涵盖了生物学，人类学，哲学，心理学，艺术，文学，伦理学等众多领域。涉及幸福，生命的意义等众多话题，有人说这是一部个人幸福探索之书。
6、一部“瘦身版”人类简史。
如果说给我一本书，不到五百页，没有一堆令人晕头转向的年份、人名、地名、称号，就能涵盖了人类如何崛起、影响现代生活甚巨的资本主义、一神教、自由人文主义、基因工程如何兴盛的人类历史重大脉络……这是仅有的一部！
7、一部引发多国版权大战的神秘大书。
获得波兰斯基人文学科创造力与独创性奖。 100周蝉联以色列畅销书排行榜第一，在英国，9家出版商疯狂竞价。 23个国家竞相购买版权。台湾上市一周，金石堂、诚品历史类畅销书榜第一 ，诚品总榜第八，西班牙上市两周总榜第一。
------------------------------------------------------------------------------------------------
【内容简介】
《人类简史：从动物到上帝》是以色列新锐历史学家的一部重磅作品。从十万年前有生命迹象开始到21世纪资本、科技交织的人类发展史。十万年前，地球上至少有六个人种，为何今天却只剩下了我们自己？我们曾经只是非洲角落一个毫不起眼的族群，对地球上生态的影响力和萤火虫、猩猩或者水母相差无几。为何我们能登上生物链的顶端，最终成为地球的主宰？
从认知革命、农业革命到科学革命，我们真的了解自己吗？我们过得更加快乐吗？我们知道金钱和宗教从何而来，为何产生吗？人类创建的帝国为何一个个衰亡又兴起？为什么地球上几乎每一个社会都有男尊女卑的观念？为何一神教成为最为广泛接受的宗教？科学和资本主义如何成为现代社会最重要的信条？理清影响人类发展的重大脉络，挖掘人类文化、宗教、法律、国家、信贷等产生的根源。这是一部宏大的人类简史，更见微知著、以小写大，让人类重新审视自己。
------------------------------------------------------------------------------------------------
【各界评论】
《人类简史：从动物到上帝》为什么能够在国际畅销书榜上爆冲？原因很简单，它处理的是历史的大问题、现代世界的大问题，而且，它的写作风格是刻骨铭心的生动。你会爱上它！
——普利策奖得主  《枪炮、病菌与钢铁》作者戴蒙德
这是此类大历史中最好的一本：规模宏大但绝非泛泛而谈；具有时代性又不花哨，观念惊世骇俗但绝不是个简单的反对者。每个人都能在书里找到一部分和另外的人开始讨论，但是弄清楚是哪部分、为什么，对我们都有好处。
——牛津大学历史学院院长 斯蒂文·刚尼
我拿起这本《人类简史》立刻“着道”了——拿起了就放不下，几乎一口气读完。吸引力主要来自作者才思的旷达敏捷，还有译者文笔的生动晓畅，而书中屡屡提及中国的相关史实，也能让人感到一种说不出的亲切，好像自己也被融入其中，读来欲罢不能。
——北京大学历史系教授 高毅
《人类简史》的目的不是传授人类考古学的所有研究成果，而是提供一种看历史的视角，一种全局的观点。当你不再执着于科学、政治或宗教等某一个领域的发展过程，而是关注人类社会的整体演变，观察这些领域之间的相互作用，你会感到你脑海中零碎的历史知识忽然像拼图一样各就各位，构成一幅宏大的图景，这样的视角非常新鲜。
——果壳网 姬十三
读完这本书，有一种跟着人类一同走过十万年的感觉！
——读者
这本书如果要用“宏伟史诗”来形容一点也不过分，其中包含了很多学科的内容，例如考古学、生物学、物理学、经济学、宗教、社会学甚至计算机科学等等。书里里面的大部分观点都是从不同的角度进行介绍，其中很多都是经无数人严格验证过的，讲师很多时候仅仅是通过自己的表达希望尽量客观地介绍一些内容，至于每个人怎么理解并没有统一的标准了。
——读者
超级好的课程，付费都坚持下来了，观点独特，从来没想到能从这个角度理解我们人类自己。
——读者",https://img9.doubanio.com/view/subject/l/public/s27814883.jpg,2014-11,https://book.douban.com/subject/25985021/,9.1,,,2022-08-19 20:24:17
3464142707,社会心理学,[美] 戴维·迈尔斯 / 2006 / 人民邮电出版社,"《社会心理学》这本书被美国700多所大学或学院的心理系所采用，是这一领域的主导教材，已经成为评价其他教材的标准。
这本书将基础研究与实践应用完美地结合在一起，以富有逻辑性的组织结构引领学生了解人们是如何思索、影响他人并与他人建立联系的。是人们了解自身、了解社会、了解自己与社会之间关系的最佳的指导性书籍。",https://img9.doubanio.com/view/subject/l/public/s1670932.jpg,2006-1,https://book.douban.com/subject/1476651/,9,,,2022-08-19 20:24:15
3464142097,老人与海,[美] 欧内斯特·海明威 / 2017 / 浙江文艺出版社,"“人可以被毁灭，但不能被打败。”一位老人孤身在海上捕鱼，八十四天一无所获，等终于钓到大鱼，用了两天两夜才将其刺死。返航途中突遭鲨鱼袭击，经过一天一夜的缠斗，大鱼仅存骨架。但老人并未失去希望和信心，休整之后，准备再次出海……
编辑推荐：
◆ 截至2017年1月，113位诺贝尔文学奖得主作品中文版总销量，海明威高居榜首，累计突破400万册。
◆海明威等了64年的中文译本终于来了！华语传奇作家鲁羊，译自海明威1952年亲自授权的Charles Scribner’s sons初版定本！
◆国际著名插画师Slava Shults全新震撼手绘配图，中美作家群首次联袂推荐！作家榜官方唯一推荐译本！
◆ 影响历史的百部经典之一，美国历史上里程碑式的32本书之一，1986年法国《读书》杂志推荐的理想藏书。
◆“《老人与海》是我这一生中能写得最好的一部作品。”——本书作者海明威（美国历史上最耀眼的传奇作家，诺贝尔文学奖、美国普利策奖得主）",https://img9.doubanio.com/view/subject/l/public/s29827174.jpg,2017-3-1,https://book.douban.com/subject/26983338/,8.9,,,2022-08-19 20:23:39
3464141908,我们仨,杨绛 / 2003 / 生活·读书·新知三联书店,"《我们仨》是钱钟书夫人杨绛撰写的家庭生活回忆录。1998年，钱钟书逝世，而他和杨绛唯一的女儿钱瑗已于此前（1997年）先他们而去。在人生的伴侣离去四年后，杨绛在92岁高龄的时候用心记述了他们这个特殊家庭63年的风风雨雨、点点滴滴，结成回忆录《我们仨》。
这本书分为两部分。第一部分中，作者以其一贯的慧心、独特的笔法，用梦境的形式讲述了最后几年中一家三口相依为命的情感体验。第二部分，以平实感人的文字记录了自1935年伉俪二人赴英国留学并在牛津喜得爱女，直至1998年丈夫逝世，63年间这个家庭鲜为人知的坎坷历程。",https://img9.doubanio.com/view/subject/l/public/s1015872.jpg,2003-7,https://book.douban.com/subject/1023045/,8.7,,,2022-08-19 20:23:29
3464141648,羊脂球,（法）莫泊桑 / 2007 / 北京燕山出版社,"莫泊桑短篇小说的代表作。写普法战争时，法国的一群贵族、政客、商人、修女等高贵者，和一个叫作羊脂球的妓女，同乘一辆马车逃离普军占区，在一关卡受阻。普鲁士军官要求同羊脂球过夜，遭到羊脂球拒绝，高贵者们也深表气愤。但马车被扣留后，高贵者们竟施展各种伎俩迫使羊脂球就范，而羊脂球最终得到的却是高贵者们的轻蔑。小说反衬鲜明，悬念迭生，引人入胜，写出了法国各阶层在占领者面前的不同态度，揭露了贵族资产阶级的自私、虚伪和无耻，赞扬了羊脂球的牺牲精神。
莫泊桑是十九世纪后期自然主义文学潮流中仅次于左拉的大作家。他继承了法国现实主义文学的传统，又接受了左拉的影响，带有明显的自然主义倾向。他在相当短暂的一生里，取得了令人瞩目的文学成就。他既是一系列著名长篇小说的作者，更是短篇小说创作的巨匠。他数量巨大的短篇小说所达到的艺术水平，不仅在法国文学中，而且在世界文坛上，都是卓越超群的，具有某种典范的意义，所以人称“短篇小说之王”。
莫泊桑(Guy de Maupassant，1850-1893)一八五O年八月五日诞生于诺曼底省，名为贵族后裔，实际上其祖父只是复辟时期的一个税务官，父亲则是一个游手好闲、没有固定职业的浪荡子。莫泊桑在诺曼底的乡间与城镇度过了他的童年，一八五九至一八六O年随父母到巴黎小住，就读于拿破仑中学，后因父亲无行、双亲离异，随母又回到诺曼底。故乡的生活与优美的大自然给莫泊桑的影响很深，成为他日后文学创作的一个重要源泉。
莫泊桑的母亲洛尔·勒·普阿特文具有深厚的文学修养，莫泊桑从小就深受她的熏陶。洛尔的哥哥阿尔弗莱德颇有文名，青年时期曾是福楼拜以及帕纳斯派诗人路易·布耶的同窗。莫泊桑在鲁昂城高乃依中学念书时就结识了舅舅的这两位老友，这时，他早已是一个喜爱文学并已开始习作诗歌的青年，他从这两位前辈那里听到了“简明的教诲”，获得了“对于技巧的深刻认识”与“不断尝试的力量”，可惜的是，路易·布耶于一八六九年就去世了。同年，莫泊桑来到巴黎大学改修法律，不久普法战争爆发，莫泊桑被征入伍，在军队里担任过文书与通讯工作。在这场灾难中，他耳闻目睹了法军可耻的溃败、当权者与有产者的卑劣以及普通人民的爱国主义热情与英勇抗敌的事例，感触很深，所有这些日后成为他文学创作的又一个重要源泉。
战后退伍，由于家庭经济拮据，莫泊桑于一八七二年三月开始在海军部任小职员，七年之后，又转入公共教育部，直到一八八一年完全退职。在小职员空虚无聊的生活中，莫泊桑不幸染上了恶习，私生活放荡，这种下了他过早身亡的祸根。但另一方面，他勤奋写作，拜福楼拜为师，在他的具体指导下刻苦磨砺，长期不怠。在此期间，他于一八七六年又结识了阿莱克斯、瑟阿尔、厄尼克、于斯曼等青年作家，他们都以左拉为崇拜对象，经常在巴黎郊区左拉的梅塘别墅聚会，号称“梅塘集团”。一八八O年，“梅塘集团 ”六作家以普法战争为题材的合集《梅塘之夜》问世，其中以莫泊桑的《羊脂球》最为出色，这个中篇的辉煌成功，使莫泊桑一夜之间蜚声巴黎文坛。
《羊脂球》写于一八七九年，是莫泊桑经过长期写作锻炼之后达到完全成熟的标志，紧接着这个中篇，是如喷泉一样涌出的一大批中短篇小说。从一八八O年到一八九一年因病停笔，十年期间，他共创作发表了三百余篇中短篇小说，几乎每年都有数量可观的精彩之作问世，特别是在前三四年，佳品更是以极大的密集程度出现，一八八一年有《一家人》、《在一个春天的夜晚》、《戴丽叶春楼》，一八八二年有《菲菲小姐》、《一个儿子》、《修软椅的女人》、《小狗皮埃罗》、《一个诺曼底佬》、《月光》、《遗嘱》，一八八三年有《骑马》、《在海上》、《两个朋友》、《珠宝》、《米隆老爹》、《我的叔叔于勒》、《勋章到手了》、《绳子》，一八八四年有《烧伞记》、《项链》、《幸福》、《遗产》、《衣柜》等等。一八八五年，莫泊桑短篇小说创作中名篇的数量有所下降，但仍不乏出色之作，如《珍珠小姐》(1886)、《流浪汉》(1887)、《港口》(1889)、《橄榄园》(1890) 等。 早在以短篇小说成名之前，莫泊桑就开始了长篇小说的创作，他的第一个长篇《一生》经过几年的耕耘，于一八八一年完成，一八八三年问世。自此，他逐渐由短篇转向长篇，在几年之内相继发表与出版了几部著名的作品，一八八五年：《漂亮朋友》；一八八六年：《温泉》；一八八八年：《皮埃尔与让》；一八八九年：《如死一般强》；一八九O年：《我们的心》。
莫泊桑早就有神经痛的征兆，他长期与病魔斗争，坚持写作。巨大的劳动强度与未曾收敛的放荡生活，使他逐渐病入膏肓，到一八九一年，他已不能再进行写作，在遭受疾病残酷的折磨之后，终于在一八九三年七月六日去世，享年仅四十三岁。
一、短篇小说创作
莫泊桑是法国文学史上短篇小说创作数量最大、成就最高的作家，三百余篇短篇小说的巨大创作量在十九世纪文学中是绝无仅有的；他的短篇所描绘的生活面极为广泛，实际上构成了十九世纪下半期法国社会一幅全面的风俗画；更重要的是，他把现实主义短篇小说的艺术提高到了一个前所未有的水平，他在文学史上的重要地位主要就是由他短篇小说的成就所奠定的。
莫泊桑短篇小说的题材是丰富多彩的，在他的作品里，形形色色的社会生活，如战争的溃败、上流社会的喜庆游乐、资产者沙龙里的聚会、官僚机构里的例行公事、小资产阶级家庭的日常生活、外省小镇上的情景、农民的劳动与生活、宗教仪式与典礼、酒馆妓院里的喧闹，等等，都有形象的描绘；社会各阶级各阶层的人物，从上层的贵族、官僚、企业家到中间阶层的公务员、自由职业者、小业主，到下层的工人、农民、流浪汉以至乞丐、妓女，都得到了鲜明的勾画；法国广阔天地里，从巴黎闹市到外省城镇以及偏远乡村与蛮荒山野的风貌人情，也都有生动的写照。在广阔的艺术视野与广阔的取材面上，莫泊桑的短篇显然超过了过去的梅里美与同时代的都德，而在他广泛的描写中，又有着三个突出的重点，即普法战争、巴黎的小公务员生活与诺曼底地区乡镇的风光与轶事。
二、长篇小说创作
莫泊桑的长篇小说共有六部，即《一生》、《漂亮朋友》、《温泉》、《皮埃尔与让》、《如死一般强》、《我们的心》，其中以《一生》与《漂亮朋友》最为重要，《皮埃尔与让》亦甚出色。",https://img9.doubanio.com/view/subject/l/public/s1469280.jpg,2007-6,https://book.douban.com/subject/1205370/,8.2,,,2022-08-19 20:23:15
3464141353,傲慢与偏见,简·奥斯丁 / 2006 / 上海译文出版社,《傲慢与偏见》描写傲慢的单身青年达西与偏见的二小姐伊丽莎白、富裕的单身贵族彬格莱与贤淑的大小姐吉英之间的感情纠葛，充分表达了作者本人的婚姻观，强调经济利益对恋爱和婚姻的影响。小说情节富有喜剧性，语言机智幽默，是奥斯丁小说中最受欢迎的一部，并被多次改编成电影和电视剧。,https://img9.doubanio.com/view/subject/l/public/s1989274.jpg,2006-8,https://book.douban.com/subject/1885224/,8.9,,,2022-08-19 20:22:59
3464141333,月亮与六便士,[英] 毛姆 / 2019 / 江苏凤凰文艺出版社,"一位已逾中年的股票经纪人，突然之间离开家庭，也离开安稳的生活，在所有人的质疑中，毅然决然地去追寻成为画家的梦想，用自己喜欢的方式过完余生……
在人类文学史上，“故事圣手”毛姆以画家高更的生平为素材，创造了一个只为梦想而存在的灵魂。出版一百年来，成为无数文艺爱好者的人生之书。
◆《月亮与六便士》是拥有无数粉丝的传奇作家毛姆创作鼎盛时期的杰出代表作。
◆出版100年来，被翻译成62种语言，风靡110个国家，累计销量超过6000万册！无数文艺爱好者的人生之书！
◆“故事圣手”毛姆以画家高更的生平为素材，创造了一个只为梦想而存在的灵魂。
◆腾讯视频“一本好书”栏目首推书目！教育部统编《语文》推荐阅读丛书。
◆上海高翻院教授姚锦清倾情献译，全新译本呈现原汁原味的毛姆风格。
◆译自英国兰登书屋1999年权威定本，另外特别收录毛姆创作年表。
◆收录高更不同创作时期代表画作14幅。当《月亮与六便士》与高更的画放在一起时，一切都变得完整了。
◆特别附赠《毛姆画传》，26幅原创插画描绘毛姆的传奇一生。
◆特别赠送精美金句书签，文艺青年、毛姆粉丝收藏必备。",https://img9.doubanio.com/view/subject/l/public/s33902816.jpg,2019-4,https://book.douban.com/subject/30427430/,8.8,,,2022-08-19 20:22:58
3464141313,项链,[法] 莫泊桑 / 2005 / 河北教育出版社,莫泊桑被尊称为“世界短篇小说之王”，他将短篇小说的趣味提升到前所未有的高度。在他的笔下，各种社会事件，如战争、政变、普选等，都得到了如实的表现；各个阶层的生活，如上层人士的纸醉金迷，中产阶级的锱必较，乡人村姑的朴素自然，都得到了形象的描绘；各种各样的人物，贵族、官僚、职员、店主、乞丐、妓女，都得到了逼真的刻画；各种各样的场景，如豪华的晚会、精致的沙龙、荒蛮的原野、喧哗的集镇、森严的官府、热门的街道，都得到了生动的写照。可以说，莫泊桑的短篇小说，是一幅栩栩如生的19世纪下半叶法国社会风俗长卷。,https://img9.doubanio.com/view/subject/l/public/s1240228.jpg,2005-2,https://book.douban.com/subject/1258498/,8.4,,,2022-08-19 20:22:56
3464141283,茶花女,[法] 小仲马 / 2010 / 上海译文出版社,与其父大仲马一样，小仲马也是法国著名作家，本书是他的代表作。作品以作者自述的口气，叙写了男主人公阿尔芒和名妓玛格丽特赤诚相爱的感人故事。在我国读者中，读过小说《茶花女》的很多，而看过话剧《茶花女》和歌剧《茶花女》的则很少，对这三部《茶花女》之间的差异知之更少。这次奉献给读者的是将三种体裁的《茶花女》合在一起的译本。读者还可以从译本序中了解到作者与小说原形之间的一段真实的爱情故事。,https://img9.doubanio.com/view/subject/l/public/s4569870.jpg,2010-8-1,https://book.douban.com/subject/5063806/,8.6,,,2022-08-19 20:22:55
3464141241,月亮和六便士,[英] 毛姆 / 2009 / 上海译文出版社,一个英国证券交易所的经纪人，本已有牢靠的职业和地位、美满的家庭，但却迷恋上绘画，像“被魔鬼附了体”，突然弃家出走，到巴黎去追求绘画的理想。他的行径没有人能够理解。他在异国不仅肉体受着贫穷和饥饿煎熬，而且为了寻找表现手法，精神亦在忍受痛苦折磨。经过一番离奇的遭遇后，主人公最后离开文明世界，远遁到与世隔绝的塔希提岛上。他终于找到灵魂的宁静和适合自己艺术气质的氛围。他同一个土著女子同居，创作出一幅又一幅使后世震惊的杰作。在他染上麻风病双目失明之前，曾在自己住房四壁画了一幅表现伊甸园的伟大作品。但在逝世之前，他却命令土著女子在他死后把这幅画作付之一炬。通过这样一个一心追求艺术、不通人性世故的怪才，毛姆探索了艺术的产生与本质、个性与天才的关系、艺术家与社会的矛盾等等引人深思的问题。同时这本书也引发了人们对摆脱世俗束缚逃离世俗社会寻找心灵家园这一话题的思考，而关于南太平洋小岛的自然民风的描写也引人向往。《月亮和六便士》说问世后，以情节入胜、文字深刻在文坛轰动一时，人们争相传看。在小说中，毛姆用第一人称的叙述手法，借“我”之口，叙述整个故事，有人认为这篇小说的原型是法国印象派画家高更，这更增加了它的传奇色彩，受到了全世界读者的关注。,https://img9.doubanio.com/view/subject/l/public/s6088624.jpg,2009-10,https://book.douban.com/subject/4123116/,9.1,,,2022-08-19 20:22:51
3464141160,穆斯林的葬礼,霍达 / 1988 / 北京十月文艺出版社,"一个穆斯林家族，六十年间的兴衰，三代人命运的沉浮，两个发生在不同时代、有着不同内容却又交错扭结的爱情悲剧。
这部五十余万字的长篇，以独特的视角，真挚的情感，丰厚的容量，深刻的内涵，冷峻的文笔，宏观地回顾了中国穆斯林漫长而艰难的足迹，揭示了他们在华夏文化与穆斯林文化的撞击和融合中独特的心理结构，以及在政治、宗教氛围中对人生真谛的困惑和追求，塑造了梁亦清、韩子奇、梁君壁、梁冰玉、韩新月、楚雁潮等一系列栩栩如生、血肉丰满的人物，展现了奇异而古老的民族风情和充满矛盾的现实生活。作品含蓄蕴藉，如泣如诉，以细腻的笔触拨动读者的心灵，曲终掩卷，回肠荡气，余韵绕梁。
",https://img9.doubanio.com/view/subject/l/public/s1790771.jpg,1988-12-1,https://book.douban.com/subject/1082334/,8.1,,,2022-08-19 20:22:47
3464141143,雾都孤儿,狄更斯 / 2006 / 上海译文出版社,"狄更斯（1812-1870），英国十九世纪文豪。《雾都孤儿》是他早期代表作。
&nbsp;&nbsp;&nbsp;&nbsp;孤儿奥立弗・退斯特从小在贫民习艺所受尽欺凌，逃到伦敦后又陷入贼窟。身边的世界像一台疯狂运转的机器，小奥立弗却努力坚守着心底深处的纯净与高贵。这份执著终于帮他等来了柳暗花明：布朗劳先生、梅里太太等人及时伸出援助之手；与此同时，奥立弗奇特的身世，也一步步真相大白。小说深刻揭示社会弊病的同时，也在英国文学史上留下一连串栩栩如生的人物形象，一百多年来深受读者爱戴。",https://img9.doubanio.com/view/subject/l/public/s8983421.jpg,2006-8,https://book.douban.com/subject/1885215/,8.3,,,2022-08-19 20:22:46
3464141120,巴黎圣母院,[法]雨果 / 1982 / 人民文学出版社,《巴黎圣母院》是法国文豪维克多·雨果第一部引起轰动效应的浪漫派小说。小说以十五世纪路易十一统治下的法国为背景，通过一个纯洁无辜的波希米亚女郎惨遭迫害的故事，揭露了教士的阴险卑鄙，宗教法庭的野蛮残忍，贵族的荒淫无耻和国王的专横残暴。作品鲜明地体现了反封建、反教会的意识和对人民群众的赞颂。,https://img9.doubanio.com/view/subject/l/public/s4493741.jpg,1982-6,https://book.douban.com/subject/1024197/,8.4,,,2022-08-19 20:22:45
3464141072,你好，旧时光（上 下）,八月长安 / 2009 / 新世界出版社,"最好的青春共鸣文本！
盛大的记忆共鸣曲，写给每个女孩的“成长之书”，带你重回“最美的时光”。
网络原名《玛丽苏病例报告》，随书附赠精美2010年历卡！
1部晋江网6年来唯一不谈情爱而人气爆棚、高居榜首的小说！
1部让所有心中有爱的70、80、90后共同追捧的青春奇书！
“玛丽苏”是一种“自以为是主角”的病，我们都是患者。感染无须惊慌，它只宣告成长的开始。这是一个小女孩的成长故事，这或许也是你的故事。她是女侠、雅典娜、月野兔、花仙子、希瑞、白娘子……她以为所有人都爱她，世界等着她拯救。却没想到，这世界无人可以拯救，她所能做的，只是长大。彼得潘终于走完了小时候，彼时的少年站在成长的尽头，回首过去，一路崎岖竟已遍地繁花盛开。",https://img9.doubanio.com/view/subject/l/public/s4293097.jpg,2009-12,https://book.douban.com/subject/4166819/,8.7,,,2022-08-19 20:22:42
3464141048,包法利夫人,[法]福楼拜 / 2011 / 上海译文出版社,本书是法国19世纪批判现实主义文学大师福楼拜的代表作。这部在法国文学史上具有划时代意义的长篇小说，通过外省农村少女爱玛在修道院受到与自己出身完全不相称的贵族教育后，又受到消极浪漫主义思潮的影响而在嫁给平庸无能的乡村医生包法利做续弦后由失望逐步陷入堕落的泥潭，最后在高利贷逼迫下服毒自尽的悲剧，深刻地揭露了法国19世纪中叶恶浊的社会现实，被公认为巴尔扎克之后法国第一部杰作。,https://img9.doubanio.com/view/subject/l/public/s6385897.jpg,2011-5-1,https://book.douban.com/subject/6313450/,9,,,2022-08-19 20:22:41
3464141030,小妇人,[美] 路易莎·梅·奥尔科特 / 2007 / 上海译文出版社,本书以十九世纪中期美国南北战争为背景，生动描写了作者亲身经历的家庭生活：父亲参加北军出征，四姐妹伴着慈爱的母亲，过着清贫而富有乐趣的生活。全书歌颂了家庭的伦理观念，邻里间的助人为乐。本书也被当成了妙龄少女的必读书。,https://img9.doubanio.com/view/subject/l/public/s2384435.jpg,2007-3,https://book.douban.com/subject/2050777/,8.2,,,2022-08-19 20:22:40
3464141003,人间词话,王国维 / 1998 / 上海古籍出版社,《人间词话》一书乃是王氏接受了西洋美学思想之洗礼后，以崭新的眼光对中国旧文学所作的评论，具有划时代的意义，向来极受学术界重视。本书并约请当今著名专家黄霖为之导读，不仅梳理其理论框架，剔抉其精义要眇，更着重揭橥其学术源流、历史文化背景，及撰作者当时特定的情境与心态，从而在帮助读者确切理解原著的同时，凸现词学大师王国维的学术个性。,https://img9.doubanio.com/view/subject/l/public/s1146614.jpg,1998-12,https://book.douban.com/subject/1203426/,9,,,2022-08-19 20:22:39
3464140887,摆渡人,[英]克莱儿·麦克福尔 / 2015 / 百花洲文艺出版社,"单亲女孩迪伦，15岁的世界一片狼藉：与母亲总是无话可说，在学校里经常受到同学的捉弄，唯一谈得来的好友也因为转学离开了。这一切都让迪兰感到无比痛苦。 她决定去看望久未谋面的父亲，然而，路上突发交通事故。等她拼命爬出火车残骸之后，却惊恐地发现，自己是唯一的幸存者，而 眼前，竟是一片荒原。
此时，迪兰看到不远处的山坡上一个男孩的身影。
男孩将她带离了事故现场。但是，迪兰很快意识到，男孩并不是偶然出现的路人，他似乎是特意在此等候。
命运，从他们相遇的那刻开始，发生了无法预料的转变……",https://img9.doubanio.com/view/subject/l/public/s28063701.jpg,2015-6-1,https://book.douban.com/subject/26356948/,6.3,,,2022-08-19 20:22:33
3464140849,活着,余华 / 2017 / 北京十月文艺出版社,"【内容简介】
《活着》是当代作家余华的代表作，讲述了一个人历尽世间沧桑和磨难的一生，亦将中国大半个世纪的社会变迁凝缩其间。《活着》还讲述了眼泪的宽广和丰富；讲述了绝望的不存在；讲述了人是为了活着本身而活着的，而不是为了活着之外的任何事物而活着。
《活着》出版25年来打动了无数读者，经过时间的沉淀，已成为20世纪中国文学当之无愧的经典之作。到今天，已被译介至英、法、德、意、日、韩、俄等30多个国家和地区，获得国内外多个文学大奖，余华也凭借这部作品于2004年获得法兰西艺术和骑士文化勋章。
25年后重新修订出版，相信《活着》仍然会以超越时间与空间的精神内核，击中我们每个人的心。
【获奖情况】
意大利格林扎纳·卡佛文学奖最高奖项
台湾“中国时报”十大好书奖
《亚洲周刊》二十世纪中文小说一百强
【媒体推荐】
中国过去六十年所发生的一切灾难，都一一发生在福贵和他的家庭身上。接踵而至的打击或许令读者无从同情，但余华至真至诚的笔墨，已将福贵塑造成了一个存在的英雄。当这部沉重的小说结束时，活着的意志，是福贵身上不能被剥夺走的东西。——美国《时代》周刊
余华的作品可以比得上卡夫卡和博尔赫斯的作品的风格。这是他与现实斗争的方法。——西班牙《大众日报》
这是一部伟大的艺术作品，因为作者这样富有同情心地叙述令人难以置信的、艰难的历史，能够给人以安慰，因为我们从农民福贵身上获得的安慰是一种美好的感觉……本书的价值无法用任何评论的词语来形容，“伟大”这个词在这本书面前也显得渺小。——德国《柏林日报》
因为古老文化中令人印象深刻的语言和多彩的图画，这个感人的中国人的生活故事让人信服。在残忍的社会和政治变革的背景下，主人公的生活勇气令人惊讶：这是一部特别的小说，一部既能使年轻一代也能使年长的读者感动的震撼心灵的小说。——瑞士 Schweizer Bibliothekdienst",https://img9.doubanio.com/view/subject/l/public/s29652928.jpg,2017-6-1,https://book.douban.com/subject/27064488/,9.4,,,2022-08-19 20:22:30
3464140827,百万英镑,马克·吐温 / 2005 / 上海译文出版社,《百万英镑(马克•吐温中短篇小说选)》作者马克·吐温（1835——1910），美国作家，真实姓名是塞缪尔·兰霍恩·克莱门斯。“马克·吐温”是他的笔名，原是密西西比河水手使用的表示在航道上所测水的深度的术语。马克·吐温一生写了大量作品，体裁涉及小说、剧本、散文、诗歌等各方面。从内容上说，他的作品批判了不合理现象或人性的丑恶之处，表达了这位当过排字工人和水手的作家强烈的正义感和对普通人民的关心；从风格上说，专家们和一般读者都认为，幽默和讽刺是他的写作特点。这本中短篇选集收入作者的十三篇小说，编排次序按照原作发表年份的先后；这些故事或以脍炙人口（如《百万英镑》、《竞选州长》），或比较不那么为众人所熟悉（如《哥尔斯密的朋友再度出洋》、《火车上的食人事件》），但无不生动有趣而给人启迪。,https://img9.doubanio.com/view/subject/l/public/s1441185.jpg,2005-7,https://book.douban.com/subject/1420500/,8.4,,,2022-08-19 20:22:29
3464140801,简爱（英文全本）,[英] 夏洛蒂·勃朗特 / 2003 / 世界图书出版公司,《简爱》是英国女作家夏洛蒂·勃朗特的代表作品。女主人公简爱是一个追赶求平等与自主的知识女性形象，小说以其感人的对于一位“灰姑娘式”人物奋斗史的刻划取胜，《简爱》也是女性文学的代表作品。,https://img9.doubanio.com/view/subject/l/public/s5924326.jpg,2003-11,https://book.douban.com/subject/1141406/,8.5,,,2022-08-19 20:22:28
3464140780,边城,沈从文 黄永玉 卓雅 插图. / 2002 / 北岳文艺出版社,"《边城》是沈从文的代表作，写于一九三三年至一九三四年初。这篇作品如沈从文的其他湘西作品，着眼于普通人、善良人的命运变迁，描摹了湘女翠翠阴差阳错的生活悲剧，诚如作者所言：“一切充满了善，然而到处是不凑巧。既然是不凑巧，因之素朴的善终难免产生悲剧。”
《边城》写出了一种如梦似幻之美，像摆渡、教子、救人、助人、送葬这些日常小事，在作者来都显得相当理想化，颇有几分“君子田”的气象。当然，矛盾也并非不存在，明眼人一看便知，作者所用的背景材料中便隐伏着社会矛盾的影子。作者亦不曾讳言他的写作意图是支持“民族复兴大业的人”，“给他们一种勇气和信心”。",https://img9.doubanio.com/view/subject/l/public/s1595557.jpg,2002-4,https://book.douban.com/subject/1057244/,8.7,,,2022-08-19 20:22:27
3464140768,霍乱时期的爱情,[哥伦比亚] 加西亚·马尔克斯 / 2012 / 南海出版公司,"★马尔克斯唯一正式授权，首次完整翻译
★《霍乱时期的爱情》是我最好的作品，是我发自内心的创作。——加西亚•马尔克斯
★这部光芒闪耀、令人心碎的作品是人类有史以来最伟大的爱情小说。——《纽约时报》
《霍乱时期的爱情》是加西亚•马尔克斯获得诺贝尔文学奖之后完成的第一部小说。讲述了一段跨越半个多世纪的爱情史诗，穷尽了所有爱情的可能性：忠贞的、隐秘的、粗暴的、羞怯的、柏拉图式的、放荡的、转瞬即逝的、生死相依的……再现了时光的无情流逝，被誉为“人类有史以来最伟大的爱情小说”，是20世纪最重要的经典文学巨著之一。",https://img9.doubanio.com/view/subject/l/public/s11284102.jpg,2012-9-1,https://book.douban.com/subject/10594787/,9,,,2022-08-19 20:22:26
3464140751,海底两万里,儒尔•凡尔纳 (Jules Verne) / 2010 / 译林出版社,从结构上说，《海底两万里》是一部出色的悬念小说。小说从海面上“怪兽”出没，频频袭击各国海轮，搅得人心惶惶开始，到鹦鹉螺号被大西洋旋涡吞噬为止，整部小说悬念迭出，环环相扣。小说展示的海底风光固然迷人，但是读者，或者说主人公始终被一个谜团所困惑，他始终在思考，想解开这个谜：尼摩船长究竟是什么人?这位天才的工程师、知识渊博的学者为什么如此仇视人类社会?他漫游海底的目的是什么?何时是旅途的终点站?阿罗纳克斯、龚赛依和尼德·兰屡次逃跑的努力似乎都在无意间被挫败，他们能否重返大地、获得自由?这次海底万里行究竟如何收场?老的疑团刚解开，新的困惑又摆在面前，整部小说就在这种一波未平，一波又起的氛围中展开。凡尔纳小说的悬念完全可以同希区柯克的悬念片媲美，在同时期的法国文坛上独树一帜。凡尔纳早年醉心于戏剧、特别是喜剧创作，娴熟地掌握了戏剧中的情节跌宕、启承转合的技巧，写小说的时候，自然能够把小说写得滴水不漏，将读者牢牢地吸引住。纪德在回答何为文学功能时曾说过“让人不得安宁，就是我的任务……”他的话似乎与《海底两万里》的写法不谋而合。,https://img9.doubanio.com/view/subject/l/public/s6182289.jpg,2010-6-1,https://book.douban.com/subject/4881634/,8.5,,,2022-08-19 20:22:25
3464140715,你当像鸟飞往你的山,[美] 塔拉·韦斯特弗 / 2019 / 南海出版公司,人们只看到我的与众不同：一个十七岁前从未踏入教室的大山女孩，却戴上一顶学历的高帽，熠熠生辉。只有我知道自己的真面目：我来自一个极少有人能想象的家庭。我的童年由垃圾场的废铜烂铁铸成，那里没有读书声，只有起重机的轰鸣。不上学，不就医，是父亲要我们坚持的忠诚与真理。父亲不允许我们拥有自己的声音，我们的意志是他眼中的恶魔。哈佛大学，剑桥大学，哲学硕士，历史博士……我知道，像我这样从垃圾堆里爬出来的无知女孩，能取得如今的成就，应当感激涕零才对。但我丝毫提不起热情。我曾怯懦、崩溃、自我怀疑，内心里有什么东西腐烂了，恶臭熏天。直到我逃离大山，打开另一个世界。那是教育给我的新世界，那是我生命的无限可能。,https://img9.doubanio.com/view/subject/l/public/s33492346.jpg,2019-10,https://book.douban.com/subject/33440205/,8.7,,,2022-08-19 20:22:23
3464140263,倚天屠龙记,金庸 / 1999 / 生活·读书·新知三联书店,《倚天屠龙记》，金庸武侠小说，著于1961年，是“射雕三部曲”系列第三部，现收录在《金庸作品集》中。该书以元末群雄纷起、江湖动荡为广阔背景，叙述武当弟子张无忌的江湖生涯，表现众武林豪杰质朴自然，形态各异的精神风貌，展现其不可替代的人格力量。,https://img9.doubanio.com/view/subject/l/public/s34097535.jpg,1999-04,https://book.douban.com/subject/1070851/,8.7,,,2022-08-19 20:21:57
3464140245,傲慢与偏见,简•奥斯丁(Jane Austen) / 2010 / 译林出版社,本书描写傲慢的单身青年达西与偏见的二小姐伊丽莎白、富裕的单身贵族彬格莱与贤淑的大小姐吉英之间的感情纠葛，充分表达了作者本人的婚姻观，强调经济利益对恋爱和婚姻的影响。小说情节富有喜剧性，语言机智幽默，是奥斯丁小说中最受欢迎的一部，并被多次改编成电影和电视剧。,https://img9.doubanio.com/view/subject/l/public/s4571103.jpg,2010-6-1,https://book.douban.com/subject/4881639/,9,,,2022-08-19 20:21:56
3464140227,一千零一夜,2003 / 人民文学出版社,"《一千零一夜》被高尔基誉为""世界民间文学史上最壮丽的一座纪念碑""。本书故事精彩、妙趣横生、想象丰富、扣人心弦，充满神秘奇幻的色彩，蕴藏瑰丽丰富的风貌，既是儿童幻想的眼睛，又是老年人心灵的慰藉，老少咸宜，令人百读不厌，回味无穷。",https://img9.doubanio.com/view/subject/l/public/s1070937.jpg,2003-01,https://book.douban.com/subject/1035848/,8.7,,,2022-08-19 20:21:55
3464140200,平凡的世界（全三部）,路遥 / 2005 / 人民文学出版社,《平凡的世界》是一部现实主义小说，也是一部小说形式的家族史。作者浓缩了中国西北农村的历史变迁过程，在小说中全景式地表现了中国当代城乡的社会生活。在近十年的广阔背景下，通过复杂的矛盾纠葛，刻划社会各阶层众多普通人的形象。劳动与爱情，挫折与追求，痛苦与欢乐，日常生活与巨大社会冲突，纷繁地交织在一起，深刻地展示了普通人在大时代历史进程中所走过的艰难曲折的道路。,https://img9.doubanio.com/view/subject/l/public/s1144911.jpg,2005-1,https://book.douban.com/subject/1200840/,9,,,2022-08-19 20:21:53
3464140001,倾城之恋,张爱玲 / 2012 / 北京十月文艺出版社,"传奇里的倾国倾城的人大抵如此。
到处都是传奇，可不见得有这么圆满的收场。胡琴咿咿哑哑拉着，在万盏灯的夜晚，拉过来又拉过去，说不尽的苍凉的故事——不问也罢！
白流苏和范柳原这一对现实庸俗的男女，在战争的兵荒马乱之中被命运掷骰子般地掷到了一起，于“一刹那”体会到了“一对平凡的夫妻”之间的“一点真心”。
本书收录张爱玲于一九四三年至一九四四年创作的中短篇小说，包括《第一炉香》《第二炉香》《茉莉香片》《心经》等。",https://img9.doubanio.com/view/subject/l/public/s10205753.jpg,2012-6-1,https://book.douban.com/subject/10757940/,8.9,,,2022-08-19 20:21:41
3464139915,麦田里的守望者,[美国] J. D. 塞林格 / 2007 / 译林出版社,"这本小说一出版，就受到国内青少年的热烈欢迎，认为它道出了自己的心声，一时大、中学校的校园里到处都模仿小说主人公霍尔顿——他们在大冬天身穿风衣，倒戴着红色猎人帽，学着霍尔顿的言语动作。甚至在1960年代初期，外国学者只要跟美国学生一谈到文学，他们就马上提出了《麦田里的守望者》。
《麦田里的守望者》之所以受到重视，不仅是由于作者创造了一种新颖的艺术风格，通过第一人称以青少年的说话口吻叙述全书，更重要了资本主义社会精神文明的实质。人活着除了物质生活外，还要有精神生活，而且在一个比较富裕的社会里，精神生活往往比物质生活更为重要。
主人公是16岁的中学生霍尔顿·考菲尔德是当代美国文学中最早出现的反英雄形象之一，霍尔顿出身中纽约一个富裕的中产阶级家庭。学校里的老师和自己的家长强迫他好好读书，为的是出人头地，以便将来买辆凯迪拉克，而在学校里一天到晚干的，就是谈女人，酒和性，他看不惯周围的一切， 根本没心思用功读书，因而老是挨罚，到他第四次被开除时，他不敢回家。便只身在美国最繁华的纽约城游荡了一天两夜，住小客店，逛夜总会滥交女友他在电影院里百无聊赖地消磨时光，糊里糊涂地召了妓女，情不自禁的与虚荣的女友搂搂抱抱，与此同时，他的内心又十分苦闷，企图逃出虚伪的成人世界去寻批纯洁与真理的经历与感受。这种精神上无法调和的极度矛盾最终令他彻底崩溃，躺倒在精神病院里。",https://img9.doubanio.com/view/subject/l/public/s2380159.jpg,2007-3,https://book.douban.com/subject/2053249/,8.1,,,2022-08-19 20:21:37
3464139892,云中歌1,桐华 / 2007 / 作家出版社,西汉时期，八岁的汉昭帝刘弗陵被追逼到万里荒漠，走投无路之际，一个骑着天山雪驼的绿衫女孩云歌凭空降临，将其带出荒漠。冷漠似冰的刘弗陵最终被精灵可爱的云歌打动，互赠礼物后相约十年后的长安相会。十年后，云歌带着儿时的诺言来到长安寻找刘弗陵，无奈此时的刘哥哥不仅不记得儿时的大漠诺言，而且身边还多了个贤惠美丽的女子许平君。伤心的云歌正欲返回西漠，却遇上了难缠的绝世美男孟珏，云歌以为幸福的生活从此开始，谁知又卷入了一场宫廷王位之争……,https://img9.doubanio.com/view/subject/l/public/s2742719.jpg,2007-9,https://book.douban.com/subject/2283084/,8,,,2022-08-19 20:21:36
3464139835,钢铁是怎样炼成的,[苏] 尼·奥斯特洛夫斯基 / 1996 / 译林出版社,本书的主人公保尔·柯察金饱尝了生活的苦难，炼就了革命精神和反抗性格。十月革命爆发后只有十六岁的他，就参加了红军，无论在战炮火中，还是在国民经济复时期，可察金都表现出大无畏精神，钢铁一般的意志，强烈的爱国主义和对人民的无限的无限忠诚。由于在战争中多次负伤以及劳累过度，他全身瘫痪，双目失明，被牢牢禁锢在床上，但他占胜了精神与肉体的打击，拿起笔来歌颂为建立苏维埃政权而奋斗的英雄。,https://img9.doubanio.com/view/subject/l/public/s2241708.jpg,1996-10,https://book.douban.com/subject/1013502/,7.6,,,2022-08-19 20:21:33
3464139685,包法利夫人,福楼拜 / 2003 / 人民文学出版社,长篇小说《包法利夫人》是福楼拜的代表作。作者以简洁而细腻的文笔，通过一个富有激情的女子爱玛的经历，再现了１９世纪中期法国的社会生活。《包法利夫人》的艺术形式使它成为近代小说的一个新转机。这不仅是一部模范小说，也是一篇模范散文。其书被翻译成多国文字、多次再版，经典永远是经典。小说是阅读量极大、受众范围极为广泛的一种文学体裁。它以其文学性和故事性的紧密结合，吸引文学及文学以外的大量读者。小说往往将现实压缩，以文学的形式反映真实的、深刻的社会现象、社会背景，或者反映某种思想、某种哲学观念甚至某种宗教信仰。,https://img9.doubanio.com/view/subject/l/public/s1153177.jpg,2003-01,https://book.douban.com/subject/1083477/,8.1,,,2022-08-19 20:21:27
3464139430,罪与罚,[俄] 陀思妥耶夫斯基 / 2006 / 上海译文出版社,《罪与罚》系19世纪俄国大文豪陀思妥耶夫斯基的代表作之一。小说描写一心想成为拿破仑式的人物、认定自己是个超人的穷大学生拉斯柯尔尼科夫，受无政府主义思想毒害，为生活所迫，杀死放高利贷的房东老太婆和她的无辜的妹妹，制造了一起震惊全俄的凶杀案。经历了一场内心痛苦的忏悔后，他最终在基督教徒索尼雅姑娘的规劝下，投案自首，被判流放西伯利亚。作品着重表现主人公行凶后良心受到谴责，内心深感孤独、恐惧的精神状态，刻画他犯罪前后的心理变化。小说一方面描绘了俄国下层人民的悲惨生活，揭露贵族社会的罪恶；一方面也宣扬逆来顺受，从宗教中求解脱的思想。,https://img9.doubanio.com/view/subject/l/public/s1790246.jpg,2006-8,https://book.douban.com/subject/1858568/,9.2,,,2022-08-19 20:21:13
3464139402,射雕英雄传,金庸 / 1999 / 生活·读书·新知三联书店,《射雕英雄传》是金庸的代表作之一，作于一九五七年到一九五九年，在《香港商报》连载。《射雕》中的人物个性单纯，郭靖诚朴厚重、黄蓉机智狡狯，读者容易印象深刻。这是中国传统小说和戏剧的特征，但不免缺乏人物内心世界的复杂性。由于人物性格单纯而情节热闹，所以《射雕》比较得到欢迎，被拍成各种语种的电影和电视剧在全球众多国家和地区热播。,https://img9.doubanio.com/view/subject/l/public/s2157336.jpg,1999-04,https://book.douban.com/subject/1044547/,9,,,2022-08-19 20:21:12
3464139331,目送,龙应台 / 2009 / 生活·读书·新知三联书店,目送共由七十四篇散文组成，是为一本极具亲情、感人至深的文集。由父亲的逝世、母亲的苍老、儿子的离开、朋友的牵挂、兄弟的携手共行，写出失败和脆弱、失落和放手，写出缠绵不舍和绝然的虚无。正如作者所说：“我慢慢地、慢慢地了解到，所谓父女母子一场，只不过意味着，你和他的缘分就是今生今世不断地在目送他的背影渐行渐远。你站在小路的这一端，看着他逐渐消失在小路转弯的地方，而且，他用背影默默地告诉你，不用追。”,https://img9.doubanio.com/view/subject/l/public/s3984108.jpg,2009-10,https://book.douban.com/subject/3995526/,8.6,,,2022-08-19 20:21:08
3464138881,理想国,[古希腊] 柏拉图 / 1986 / 商务印书馆,"《理想国》涉及柏拉图思想体系的各个方面，包括哲学、伦理、教育、文艺、政治等内容，主要是探讨理想国家的问题。
《理想国》一书是柏拉图的一篇重要对话录，对话录里柏拉图以苏格拉底之口通过与其他人对话的方式设计了一个真、善、美相统一的政体，即可以达到公正的理想国。柏拉图的理想国是人类历史上最早的乌托邦。在他的理想国里统治者必须是哲学家，他认为现存的政治都是坏的，人类的真正出路在于哲学家掌握政权，也只有真正的哲学家才能拯救当时城邦所处的危机。这种信念构成了柏拉图成熟的政治哲学体系的核心。在他的眼里“哲学家”有着特殊的内涵。他认为哲学家是最高尚、最有学识的人，而这种贤人统治下的贤人政体就是最好是政体。所以，只有建立以哲学家为国王的国家才是最理想的国家。这个国家就是存在于天上的模范国家。
在他看来，哲学家的本质是具有知识，具有智慧、正义、善的美德，只有哲学家才能达到对国家最高理念的认识，即对“善”的把握，而其他人也只能把握“意见”而已。治国作为一门知识，也只有哲学家才能掌握它，进而有资格执政，也就是说只有哲学家才能达到对于国家理念的认识，知道“理想国”应该怎样组织、怎样治理。这样，所谓哲学家执政，就被柏拉图理解为高超的智慧、真实的知识、完美的德行和绝对最高权力的结合。他坚信只有哲学家才可拯救城邦和人民，哲学家是理想国必然的统治者。
人类追求的正义与善就是柏拉图理想国的主题，他认为国家、政治和法律要朝向真正的存在并与人的灵魂相关才有意义。在《理想国》里苏格拉底刚开始讨论的话题就是“正义”问题，由此我们可以看到柏拉图对正义有着多么强烈的憧憬与向往！他认为绝对的正义在神那里，这正好印证了对话结尾的宣言，“让我们永远走向上的路，追求正义和智慧”。正义和智慧不仅是国家的主题，也可以说是整个宇宙存在的本质，因为国家的起点“就是永无止境的时间以及时间带来的变化”。
柏拉图的正义表现在爱情上就是节制。在我们很多人看来，柏拉图式的爱情似乎是精神恋的代名词，用来指称那种超越时间、空间，不以占有对方肉体为目的的只存在于灵魂间的爱情。而实际上柏拉图式爱情的真谛指的是一种对节制的崇尚，对善和美的追求。",https://img9.doubanio.com/view/subject/l/public/s34157889.jpg,1986-8,https://book.douban.com/subject/1004821/,8.8,,,2022-08-19 20:20:42
3464138669,童年,[苏] 高尔基 / 2002 / 人民文学出版社,《童年》是高尔基自传体三部曲中的第一部，内容包括了高尔基幼年时期从三岁至十岁这一段时间的生活断面。阿寥沙·彼什科夫三岁丧父后，由母亲和外祖母带到外祖父家。外祖父卡什林是一个小染坊主，已濒临破产。他性情暴躁、乖戾、贪婪、自私；两个舅舅米哈伊尔和雅科夫也是粗野、自私的市侩，甚至第三代也受到很坏的影响。外祖父家里，弥漫着人与人之间的炽热的仇恨之雾；大人都中了仇恨的毒，连小孩也热烈地参加一份。这是一个典型,https://img9.doubanio.com/view/subject/l/public/s2263997.jpg,2002-01,https://book.douban.com/subject/1009285/,7.7,,,2022-08-19 20:20:30
3464138605,水浒传,施耐庵 罗贯中 / 2009 / 中华书局,"有人说，读《水浒传》不读金圣叹的评语，等于没读过《水浒传》，此言不虚。《水浒传》是一部经过宋、元两代数百年的酝酿、积累而最终完成的长篇历史小说，集合了无数英雄好汉生生死死的悲壮故事、凝聚了无数中国人的理想、感情和才思。明末清初，金圣叹腰斩了一百二十回本的《水浒传》，改原书第一回为“楔子 ”，保留原书第七十一回中的“忠义堂石碣受天文”部分，自撰“梁山泊英雄惊噩梦”的情节，作为结局的第七十回。此外还对前七十回的行文做了较多修订，写了大量精彩绝伦的批语，并将这种新版本称为真正的古本。这七十回本一面世，几乎令他本尽废，一统天下近三百年，以至于一般读者只知有七十回的《水浒》了。这也是目前我们这个《四大名著名家点评》本《水浒传》的前七十回；后五十回采自一百二十回本《李卓吾批评忠义水浒传全书》，批评者署名为“李卓吾”。因此，在这个混合的评点本里，读者朋友们既可欣赏到各异其趣的金圣叹和李卓吾评语，也可一窥一百二十回《水浒传》的全貌。
金圣叹的评点读批《水浒》是中国文学史最具特色的评点之一，远远超过了他之前的李卓吾、叶昼，就连之后毛宗岗、脂砚斋的小说评点，也明显受到了金圣叹评点风格的影响。金圣叹发前人之所未发，提出了一套全新的文学理论批评的观点和方法，总结出诸如草蛇灰线法、绵针泥刺法、獭尾法等全新的创作方法与批评方法。书前的《读第五才子书书法》、每一回的回前评、眉批和错落行间的夹批，值得细细品味，享受阅读最经典小说和最经典评语的愉悦。
《四大名著名家点评》本《水浒传》，采用大方的16开本，小说原文与点评文字分别以黑色、红色印刷，最大限度地减少了阅读疲劳。另外，中缝处还选配了明代著名版画家陈洪绶绘制的《水浒叶子》精彩人物像十二帧，每十回一帧，依次为：宋江、吴用、武松、李逵、解珍、公孙胜、关胜、林冲、呼延灼、花荣、时迁、鲁智深。",https://img9.doubanio.com/view/subject/l/public/s3888781.jpg,2009-06,https://book.douban.com/subject/3810699/,9,,,2022-08-19 20:20:27
3464138593,云边有个小卖部,张嘉佳 / 2018 / 湖南文艺出版社,"云边镇少年刘十三的成长故事。
刘十三自幼与开小卖部的外婆相依为命，努力读书为了离开小镇，追寻远方与梦想。在城市里碰壁受挫的刘十三回到了小镇，与少时玩伴程霜重逢。小镇生活平静却暗潮汹涌，一个孤儿，一场婚礼，一场意外，几乎打破了所有人的生活。
为了完成一个几乎不可能完成的任 务，刘十三拼尽全力，却不知道，生命中更重要的正在离自己而去。
———————
【名家评论】
苏童：南方小城镇的少年时代是我曾经熟悉却已远离的过往，嘉佳用极具时代感的语言和生动的画面感，书写了一个充满江南味道的成长故事。离现实很远，离往事很近。作家总会从自己的经验和记忆出发来构建大厦，也是基于此，我愿意相信这个故事的真诚与坦率，我也相信虚构背后的真实，温柔与善良的底色。 故事里的外婆是让我印象最为深刻的人物，相较于爱情，亲情总是容易被忽略却更震撼人心的部分。一些孤独的人拼凑起暂时的圆满，转瞬之间，永远的离别已经到来。无常与幻灭是写作者最钟爱的主题。在一个轻描淡写的时代里，嘉佳的轻，状如云图，嘉佳的淡，有阳光的色泽与气味。
张大春：通俗的感情难写，再卖力写都有人说你俗。张嘉佳最有意思的是他的脱俗是往俗情里去体会，再透过别有新意的文字，表达出不俗的结果。",https://img9.doubanio.com/view/subject/l/public/s29799055.jpg,2018-7,https://book.douban.com/subject/30254298/,7.5,,,2022-08-19 20:20:26
3464138527,格列佛游记,斯威夫特 / 2006 / 上海译文出版社,"斯威夫特（1667-1745），英国文学史上最著名的作家之一。《格列佛游记》是他的代表作。
&nbsp;&nbsp;&nbsp;&nbsp;作者以异乎寻常的想象力，描写主人公格列佛先后出游“小人国”、“大人国”、“慧因国”等地方时，遭遇的种种千奇百怪的事情。比如在“小人国”里他可以随意地把上至国王小到平民的各式人等摆在手掌心里玩弄；而在“大人国”里，他又能像个幼儿那样处处受制于人；到“慧因国”以后，马成了智慧的象征，而人成了下等动物。作者通过这样有趣的故事，讽刺了当时英国社会的种种弊病，如政客的尔虞我诈，富人的贪得无厌等。读者在赞叹作者的奇思妙想的同时，也能对当时的英国状况有个大概的了解。",https://img9.doubanio.com/view/subject/l/public/s1830408.jpg,2006-8,https://book.douban.com/subject/1888031/,7.8,,,2022-08-19 20:20:22
3464138515,红与黑,司汤达 / 2006 / 上海译文出版社,"小说主人公于连,是一个木匠的儿子,年轻英俊,意志坚强,精明能干,从小就希望借助个人的努力与奋斗跻身上流社会。
在法国与瑞士接壤的维立叶尔城，坐落在山坡上，美丽的杜伯河绕城而过，河岸上矗立着许多锯木厂。 市长德瑞那是个出身贵族，在扣上挂满勋章的人。
他五十岁左右，他的房子有全城最漂亮的花园，他的妻子是最有钱而又最漂亮的妻子，但他才智不足，“他只能办到严格地收讨他人的欠债，当他自己欠人家的债时，他愈迟还愈好”。在这座城市还有一个重要人物，是贫民寄养所所长——哇列诺先生。他花了一万到一万两千法郎才弄到这个职位，他体格强壮棕红色的脸，黑而精粗的小胡子，在别人眼中他是个美男子，连市长都惧他三分。但市长为了显示自己高人一等，决心请一个家庭教师。
木匠索黑尔的儿子于连，由于精通拉丁文，被选作市长家的家庭教师。他约十八九岁，长得文弱清秀，两只又大又黑的眼睛。在宁静时，眼中射出火一般的光辉，又象是熟思和探寻的样子，但一瞬间，又流露出可怕的仇恨，由于他整天抱着书本不放，不愿做力气活，因而遭到全家的嫌弃与怨恨，经常被父亲和两个哥哥毒打。他小时疯狂地崇拜拿破伦，渴望像拿破仑那样身佩长剑，做世界的主人。认为拿破仑“由一个既卑微又穷困的下级军官，只靠他身佩的长剑，便做了世界上的主人”。但后来他又想当神甫，因为“如今我们眼见四十岁左右的神父能拿到十万法郎的薪俸。这就是说他们能拿到十万法郎，三倍于拿破仑当时手下的著名的大将的收入。”于是，他投拜在神甫西朗的门下，钻研起神学来。他仗着惊人的好记性把一本拉丁文《圣经》全背下来，这事轰动了全城。
市长的年轻漂亮的妻子是在修道院长大的，对像她丈夫那样庸俗粗鲁的男人，打心底里感到厌恶。由于没有爱情，她把心思全放在教养3 个孩子身上。她认为男人“除了金钱、权势、勋章的贪欲以外，对于一切都是麻木不仁”。最初，她把于连想象为一个满面污垢的乡下佬，谁知见面时却大出她的意料：面前这个年轻人竟是这样白皙，眼睛又这样温柔动人。以为他“实际上是一个少女”故意假扮男装。她对于连产生好感，甚至觉得“只有在这个少年教士的心里，才有慷慨、高尚、仁爱”。瑞那夫人的女仆爱丽沙也爱上了于连，爱丽沙得到了一笔遗产，要西郎神父转达她对于连的爱慕，于连拒绝了女仆爱丽沙的爱情。瑞那夫人得知此事心里异常高兴，一股幸福的流泉泻落在她的心海里，她发觉自己对他产生了一种从未有过的一种感情。
夏天市长一家搬到凡尼镇乡下花园别墅居住，晚上乘凉的时候，全家聚在一株菩提树下，于连无意间触到了瑞那夫人的手，她一下子缩回去了，于连以为瑞那夫人看不起他，便决心必须握住这只手。第二天晚上他果然做了，瑞那夫人的手被于连偷偷地紧握着，满足了他的自尊心。瑞那夫人被爱情与道德责任折腾得一夜未合眼。她决定用冷淡的态度去对待于连。可是当于连不在家时，她又忍不住对他的思念。而于连也变得更大胆，他在心里暗想：“我应该再进一步，务必要在这个女人身上达到目的才好。如果我以后发了财，有人耻笑我当家庭教师低贱，我就让大家了解，是爱情使我接受这位置的”。
深夜2 点闯进了她的房里。开始，她对于连的无礼行为很生气，但当她看到“他两眼充满眼泪”时，便同情起他来。她暗想，如果在10年前能爱上于连该多好。不过，在于连的心里则完全没有这种想法，他的爱完全是出于一种野心，一种因占有欲而产生的狂热。他那样贫穷，能够得到这么高贵、这么美丽的妇人，已经是上天的恩赐了。
不久，皇帝驾临维立叶尔，在瑞那夫人的安排下，于连被聘当上了仪仗队队员，使他有在公众面前大出风头的机会。迎驾期间，于连作为陪祭教士参加瞻拜圣骸典礼。之后，他对木尔侯爵的侄子、年轻的安倍主教十分崇敬。心想，安倍主教如此年轻就有显赫的地位，而且倍受女人的青睐，暗下决心“宁愿受宗教的制裁，也要达到令美人羡慕的境界”。
瑞那夫人心爱的儿子病危，她认为这是上帝对自己不道德行为的一种惩罚，她陷入了可怕的忏悔里。这时，爱丽沙又把夫人的事暗中告诉了哇列诺先生，他早先曾贪恋瑞那夫人的美色碰了一鼻子灰，便趁机给市长写了一封告密信。但市长担心如果把妻子赶出家门，自己将失去一大笔遗产，而且也有损于自己的名誉，采取“只怀疑而不证实”的办法。但在这座城市里，街谈巷议对瑞那夫人和于连却越来越不利。一次爱丽沙向西朗神父忏悔时，又谈出于连与瑞那夫人的秘密关系。关心于连的神父要他到省城贝尚松神学院进修。告别后的第三天夜里，于连又冒险赶回维立叶尔，与瑞那夫人见面，此时的瑞那夫人由于思念的痛苦，已憔悴得不像人样了。
贝尚松是法国一座古城，城墙高大。初到神学院，那门上的铁十字架，修士的黑色道袍，和他们麻木不仁的面孔都使于连感到恐怖。院长彼拉神父是西郎神父的老相识，因此对于连特别关照。他对于连说：“嘻笑就是虚伪的舞台”。
在321个学生中，绝大部分是平庸的青年，由此于连自信会迅速获得成功。他悄悄对自己说：“在拿破仑统治下，我会是个军曹，在未来的神父当中，我将是个主教。”由于学习成绩名列前茅，院长竟让他当新旧约全书课程的辅导教师。
但神学院是个伪善的地方，他很快就堕入了忧郁之中。彼拉院长受到排挤辞职不干了，并介绍于连为木尔侯爵的秘书。彼拉神父专门给他介绍侯爵一家他说“你要十分注意，一个象我们这种行业的人，只有靠这些大人先生们才有前途……在这样一个社会里，如果你得不到人家的尊敬，你的不幸是注定的了”。
侯爵瘦削而矮小，有一对十分灵活的眼睛，头上带有金色假发。他是个极端保皇党人，法国大革命时，他逃亡国外，王朝复辟后，他在朝中取得了显赫的地位。于连每天的工作就是为他抄写稿件和公文，侯爵对于连十分满意，派他去管理自己两个省的田庄，还负责自己与贝尚松代理主教福力列之间的诉讼通讯，后又派他到伦敦去搞外交，赠给他一枚十字勋章，这使于连感到获得了极大的成功。
于连在贵族社会的熏陶下，很快学会了巴黎上流社会的艺术，成了一个花花公子，甚至在木尔小姐的眼里，他也已脱了外省青年的土气。木尔小姐名叫玛特儿，是一个有金栗色头发，体态匀称，非常秀丽的姑娘，但“这双眼睛透露出一种内心可怕的冷酷”。她读过许多浪漫主义爱情小说，并被3 世纪前一段家史所激动：她的祖先木尔是皇后玛嘉瑞特的情夫，被国王处死后，皇后向刽子手买下了他的头，在深夜里亲自把它埋葬在蒙马特山脚下。她十分崇拜皇后的这种为爱情而敢冒大不韪的精神，她的名字玛特儿就是皇后的爱称。
起初，于连并不爱玛特儿那清高傲慢的性格，但想到“她却能够把社会上的好地位带给她丈夫”时，便热烈地追求起她来。玛特儿也知道于连出身低微，但她怀着一种“我敢于恋爱一个社会地位离我那样遥远的人，已算是伟大和勇敢了”的浪漫主义感情，因此，她在花园里主动挽着于连的胳膊，还主动给他写信宣布爱情。为了考验于连的胆量，她要于连在明亮的月光下用梯子爬到她的房间去。于连照样做了，当晚她就委身于他了，过后玛特儿很快就后悔了 。
一次，他们在图书室相遇，她边哭边对于连说：“我恨我委身于第一个来到的人”于连感到痛苦，他摘下挂在墙上的一把古剑要杀死她，玛特儿一点都不害怕反而骄傲地走到于连面前，她认为于连爱她已经爱到要杀了她的程度，便又与他好起来。夜里于连再次爬进她的房间，她请求于连做她的“主人”，自己将永远做他的奴隶，表示要永远服从他。可是，只要于连稍许表露出爱慕的意思，她又转为愤怒，毫不掩饰的侮辱他，并公开宣布不再爱他。
因为于连的记忆力很好，木尔侯爵让他列席一次保王党人的秘密会议，会上有政府首相、红衣主教、将军。会后，木尔侯爵让于连把记在心里的会议记录冒着生命危险带到国外去。在驿站换马时，差点被敌方杀害，幸好他机警地逃脱了，与外国使节接上了头，然后留在那等回信。在那儿他遇到俄国柯哈莎夫王子，他是个情场老手，于连便把自己的爱情苦恼讲给他听，他建议于连假装去追求另一个女性，以达到降伏玛特儿的目的，并把自己的五十三封情书交给她，“把这些信转抄一份寄给你所选定的女性，这个女性必须是瞧你不起的对方的熟人。”
于连回到巴黎后，将这些情书一封封寄给元帅夫人，元帅夫人受了感动，给于连回信，玛特儿再也忍耐不住了，跪倒在于连的脚下，求他爱她，于连的虚荣心得到极大的满足，“看呀！这个骄傲的女人，居然躺在我的脚下了！”。不久，玛特儿发现自己怀孕了，她写信告诉父亲，要他原谅于连，并成全他们的婚事。侯爵在爱女坚持下，一再让步。先是给了他们一份田产，准备让他们结婚后搬到田庄去住。随后，又给于连寄去一张骠骑兵中尉的委任状，授予贵族称号。
于连在骠骑兵驻地穿上军官制服，陶醉在个人野心满足的快乐中，“由于恩宠，刚刚才作了二天的中尉，他已经在盘算好至迟有象过去的大将军一样，在三十岁上，就能做到司令，那么到二十三岁，就应该在中尉以上。他只想到他的荣誉和他的儿子。”这时，他突然收到了玛特儿寄来的急信。信中说：一切都完了。于连急忙回去，原来瑞那夫人给木尔侯爵写信揭露了他们原先的关系。这时恼羞成怒的于连立即跳上去维拉叶尔的马车，买了一支手枪，随即赶到教堂，向正在祷告的瑞那夫人连发两枪，夫人当场中枪倒地。 于连因开枪杀人被捕了。
入狱后，他头脑冷静下来，对自己行为感到悔恨和耻辱。他意识到野心已经破灭，但死对他并不可怕。瑞那夫人受了枪伤并没有死。稍愈后，她买通狱吏，免得于连受虐待。于连知道后痛哭流涕。玛特儿也从巴黎赶来探监，为营救于连四处奔走，于连对此并不感动，只觉得愤怒。公审的时候，于连当众宣称他不祈求任何人的恩赐，他说：“我决不是被我的同阶级的人审判，我在陪审官的席上，没有看见一个富有的农民，而只是些令人气愤的资产阶级的人。”结果法庭宣布于连犯了蓄谋杀人罪，判处死刑。 瑞那夫人不顾一切前去探监。
于连这才知道，她给侯爵的那封信，是由听她忏悔的教士起草并强迫她写的。于连和瑞那夫人彼此饶恕了，他拒绝上诉，也拒绝做临终祷告，以示对封建贵族阶级专制的抗议。
在一个晴和的日子里，于连走上了断头台。玛特儿买下了他的头颅，按照她敬仰的玛嘉瑞特皇后的方式，亲自埋葬了自己情人的头颅。至于瑞那夫人，在于连死后的第三天，抱吻着她的儿子，也离开了人间。",https://img9.doubanio.com/view/subject/l/public/s2204294.jpg,2006-8,https://book.douban.com/subject/1894742/,8.5,,,2022-08-19 20:20:21
3464138493,了不起的盖茨比,[美] 斯科特·菲茨杰拉德 / 2012 / 南海出版公司,"★ 20世纪全球百部英语小说第2名
★ 村上春树最爱的书
★ 村上春树万字长文导读
★ 全新译本完美呈现原著魅力
★ 如果没有与《了不起的盖茨比》相遇，我写出来的小说会与现在完全不同，或者也许什么都不写。——村上春树
★《了不起的盖茨比》建立在“幻象的破灭”上。正因这样的幻象，世界才如此鲜艳。你无需理会真假，但求沾染那份魔术般的光彩就是了。——菲茨杰拉德
中西部小子盖茨比到东部闯荡一夕致富，他在自己的豪宅夜夜宴客，俨然慷慨荒唐的富豪大亨；他梦幻地看着纽约长岛上一座闪着绿光的灯塔，寻觅着梦寐以求的女人黛西。邻居尼克，眼看着盖茨比的宾客们接受他的招待却冷漠无情，眼看着盖茨比奋力追求那腐败的虚华。盖兹比最后的结局，让尼克对东部浮华的名流生活梦碎，宛如看着繁华楼起再看着它楼塌。",https://img9.doubanio.com/view/subject/l/public/s9110246.jpg,2012-5,https://book.douban.com/subject/10738023/,8.7,,,2022-08-19 20:20:20
3464138402,非暴力沟通,[美] 马歇尔·卢森堡 / 2009 / 华夏出版社,作为一个遵纪守法的好人，也许我们从来没有想过和“暴力”扯上关系。不过如果稍微留意一下现实生活中的谈话方式，并且用心体会各种谈话方式给我们的不同感受，我们一定会发现，有些话的确伤人！言语上的指责、嘲讽、否定、说教以及任意打断、拒不回应、随意出口的评价和结论给我们带来的情感和精神上的创伤，甚至比肉体的伤害更加令人痛苦。这些无心或有意的语言暴力让人与人变得冷漠、隔阂、敌视,https://img9.doubanio.com/view/subject/l/public/s9346487.jpg,2009-1,https://book.douban.com/subject/3533221/,8.4,,,2022-08-19 20:20:14
3464138324,老人与海,[美]海明威 / 1999 / 上海译文出版社,本书讲述了一个渔夫的故事。古巴老渔夫圣地亚哥在连续八十四天没捕到鱼的情况下，终于独自钓上了一条大马林鱼，但这鱼实在大，把他的小船在海上拖了三天才筋疲力尽，被他杀死了绑在小船的一边。在归程中，他再遭到一条鲨鱼的袭击，最后回港时只剩鱼头鱼尾和一条脊骨。而在老圣地亚哥出海的日子里，他的忘年好友一直在海边忠诚地等待，满怀信心地迎接着他的归来。,https://img9.doubanio.com/view/subject/l/public/s1050021.jpg,1999-10,https://book.douban.com/subject/1064275/,8.5,,,2022-08-19 20:20:09
3464138194,活着,余华 / 1998 / 南海出版公司,"地主少爷福贵嗜赌成性，终于赌光了家业一贫如洗，穷困之中的福贵因为母亲生病前去求医，没想到半路上被国民党部队抓了壮丁，后被解放军所俘虏，回到家乡他才知道母亲已经去世，妻子家珍含辛茹苦带大了一双儿女，但女儿不幸变成了聋哑人，儿子机灵活泼……
然而，真正的悲剧从此才开始渐次上演，每读一页，都让我们止不住泪湿双眼，因为生命里难得的温情将被一次次死亡撕扯得粉碎，只剩得老了的福贵伴随着一头老牛在阳光下回忆。",https://img9.doubanio.com/view/subject/l/public/s23836852.jpg,1998-5,https://book.douban.com/subject/1082154/,9.2,,,2022-08-19 20:20:02
3464138134,呼啸山庄,艾米莉·勃朗特 / 2006 / 上海译文出版社,《呼啸山庄》故事主要内容是，弃儿希克厉被“呼啸山庄”的主人欧肖收养，欧肖的女儿卡瑟琳与他从小友爱，产生了炽烈的爱情。而庄主的儿子亨德莱却仇恨他，老欧肖死后，把他降为奴仆，百般凌辱。卡瑟琳为了得到“画眉田庄”主人林敦的财产资助希克厉而嫁给了林敦。希克厉得知后愤然出走。几年后，希克厉致富归来，使亨德莱倾家荡产，并诱骗林敦之妹与他成婚，恣意虐待。卡瑟琳终因不能同希克厉结合而凄然病逝。,https://img9.doubanio.com/view/subject/l/public/s5998005.jpg,2006-8,https://book.douban.com/subject/1880829/,8.6,,,2022-08-19 20:19:59
3464137918,爱的教育,（意）亚米契斯 / 2004 / 广西师范大学出版社,"编辑推荐：贝贝特经典视窗。
《爱的教育》全书共一百篇文章，包括主人公安利柯在一个学年中所记的日记、其父母为他写的劝诫启发性的文章，以及老师在课堂上宣读的发人深省的小故事。“爱”贯穿在每一章节中，既有国家、民族、社会的大我之爱，也有父母、师长、朋友的小我之爱，处处动人心弦，感人肺腑，寄托了作者对理想世界的美好向往。本书曾被译为多种文字，广泛流传，堪称经典。",https://img9.doubanio.com/view/subject/l/public/s1784813.jpg,2004-07,https://book.douban.com/subject/1077778/,8.1,,,2022-08-19 20:19:47
3464137895,鲁滨逊漂流记,[英]笛福 / 2002 / 北京燕山出版社,"《鲁滨逊漂流记》是笛福受一个真实故事的启发而写成的。当时有一名苏格兰水手与船长发生争吵，被船长遗弃在荒岛上，四年后被救回英国。这个水手在荒岛上并没有什么值得称道的事迹，但笛福塑造的鲁滨逊却是一个新兴资产阶级的代人物，一个理想化的英雄。
本书讲述了17世纪，一名英国水手鲁滨逊·克鲁索不安于中产阶级的那种平庸舒适的生活，多次出海经营。在一次去非洲贩运黑奴的途中海上遇难，飘落荒岛。他以不屈不挠的顽强意志，依靠个人的智慧和辛勤的劳动，谋食建屋，制器养畜，开荒耕种，克服种种困难，最后终于回到文明社会的故事。同时随书附赠VCD，方便读者欣赏名著。
全书中最令人难忘的是鲁滨逊在荒岛上的经历，作者用生动逼真的细节把虚构的情景写得使人如同身临其境，使故事具有强烈的真实感。作品语言自然流畅，文字通俗易懂，整部作品似乎在向读者讲述一个精彩的故事，两个多世纪过去了，这部作品还保持着巨大的魅力。",https://img9.doubanio.com/view/subject/l/public/s4684351.jpg,2002-8,https://book.douban.com/subject/1122914/,8.5,,,2022-08-19 20:19:45
3464137885,人性的弱点,[美] 戴尔·卡耐基 / 2016 / 译林出版社,本书主要讲述了如何构建成功的人际关系，主要包括商务沟通和与人交往的策略，以及如何处理好与家人的关系，从而为你事业的成功打下良好的基础。作为卡耐基最成功的励志经典图书、全球自我教育与成人训练的范本，它汇集了卡耐基的思想精华和最激动人心的内容，无数读者通过阅读和实践书中介绍的各种方法，不仅走出困境，有的还成为世人仰慕的杰出人士。,https://img9.doubanio.com/view/subject/l/public/s28748370.jpg,2016-6,https://book.douban.com/subject/26801314/,8.1,,,2022-08-19 20:19:44
3464137825,白夜行,[日] 东野圭吾 / 2008 / 南海出版公司,“只希望能手牵手在太阳下散步”，这个象征故事内核的绝望念想，有如一个美丽的幌子，随着无数凌乱、压抑、悲凉的故事片段像纪录片一样一一还原：没有痴痴相思，没有海枯石烂，只剩下一个冰冷绝望的诡计，最后一丝温情也被完全抛弃，万千读者在一曲救赎罪恶的凄苦爱情中悲切动容……,https://img9.doubanio.com/view/subject/l/public/s4610502.jpg,2008-9,https://book.douban.com/subject/3259440/,9.1,,,2022-08-19 20:19:41
3464137758,社会契约论,[法] 卢梭 / 2003 / 商务印书馆,"本书是十八世纪法国启蒙思想家、法国大革命的思想先驱卢梭（1712—1778）的一部政治哲学著作。它探讨的是政治权利的原理，它的主旨是为人民民主主权的建立奠定理论基础。
本书分为四卷：第一卷论述了社会结构和社会契约，第二卷阐述主权及其权利，第三卷阐述政府及其运作形式，第四卷讨论几种社会组织。书中所提倡的民主理论很快风靡世界，不仅引发了震惊世界的法国大革命，亦为美国《独立宣言》、法国《人权宣言》等奠定了理论基础。本书第一次提出了“天赋人权”和“主权在民”的思想，后者是现代民主制度的基石。",https://img9.doubanio.com/view/subject/l/public/s1314606.jpg,2003-2-1,https://book.douban.com/subject/1277981/,8.9,,,2022-08-19 20:19:37
3464137741,父与子全集,[德] 埃·奥·卜劳恩 绘 / 2003 / 中国工人出版社,"²内容简介²
1934年12月，第二次世界大战前夜的德国，到处充满了火药味，正是在这样的一个背景下，一套取材于日常生活反映父子间感情的漫画作品开始在《柏林画报》上连载，它的幽默温情犹如一片人性的绿洲，拂过万千民众的心，这便是德国漫画大师埃·奥·卜劳恩的传世名作《父与子》。它的幽默感和人情味表露得如此纯真，以致在问世近70年后，依然不断征服着世界各地的读者，散发出不衰的艺术魅力。
简要目录²
《父与子》卷一，目  录
不可救药
够了
有趣的圣诞书
新镜子
放生
图钉
足球
叫人害怕的邻座
争执的调解人
糟糕的家庭作文
假期第一天
图画的局限
挑战失败
圣诞礼物
变魔术
节前趣事
自制的雪橇
大力神
吃一堑长一智
鱼儿的信
猎人与兔子
免子现形
全部输光
来晚一步
带锚的帽子
就地取材
节前的秘密
雪人的反击
落日
梦游症患者
再也不用担心了
航空信带来的惩罚
真像爷爷
最后一个苹果
蛋糕
装病
家教
按次序来
大好时机
父亲的签名
凡事往好处想
画像摄影术
“前长，后短！”
化恐惧为力量
复活节彩蛋生出的复活节小兔
神奇的魔法书
木偶剧场
请给我四张儿童票
善待天鹅
吸引人的书
《父与子》卷二，目  录
礼物
并没想当英雄
对策
狂欢节
瞎套近乎
快乐从努力中来
装腔作势的人与无私奉献的人
返老还童
父亲见不得血
狗儿也不吃
昂贵的狗儿
举例警告
上床睡觉
不能太过分
鬼怪
都是因为爱
悲伤的乐曲
迅速实现的愿望
被驯服的马
梦与现实
新年历险记
新发明
一年之后
聪明的马
从各方面看——要歌德的书！
忍耐是有限度的
儿子出逃后
庆祝生日
被消灭的父亲
夏季旅行中的突发事件
饥饿奏鸣曲
原来是要——火！
意外的勋章
打了一网鱼
完了——一场梦
海狸的报复
意外的猎物
野马
和袋鼠的友谊
“瞧我，给你带来了什么！”
趁火打劫
不情愿的信鸽
这里——才是金子！
山羊的陷阱
配合默契
紧急任务
插话者
最后的精神食粮
意外获救
又回到了家
《父与子》卷三，目  录
输了棋的父亲
痛苦的自责
美术馆趣事
乐于助人的教训
战争允许一切手段
不知情帮错了
定位球
两对父子
合适的距离
遗憾
一场不成功的音乐会
进入角色
人靠衣装
制作圣诞礼物的秘密
圣诞节的贵客
正中靶心
儿子的报复
忘了放葡萄干
生日惊喜
剪得正好的照片
狮子的错误
雪茄焰火
铅球与皮球
“什么！这是我吗？”
欢乐重现
管教……晚了一点
原来不是金鱼
汽车出了故障
不领情
刷子和胡子
医生禁止他喝浓咖啡
醉后剃须
题词
曾祖父，祖父，父亲和孩子
令人难堪的相像
大笔遗产
见怪不怪，其怪自败
宫中趣事
虚荣心被治好了
理论脱离实践
难以实现的快乐
为什么要仆人
忠实的仆人
意外的复活节礼物
命令就是命令
习惯的力量
海虾带来的烦恼
行善的结果
盛名之下
再见",https://img9.doubanio.com/view/subject/l/public/s1094608.jpg,2003-4,https://book.douban.com/subject/1002898/,9.2,,,2022-08-19 20:19:36
3464137665,孩子你慢慢来,龙应台 / 2009 / 生活·读书·新知三联书店,"作为华人世界最有影响的一支笔，龙应台的文章有万丈豪气，然而《孩子你慢慢来》却令人惊叹，她的文字也可以有款款深情。这本书里的龙应台是一个母亲，作为母亲的龙应台和作为一个独立的人的龙应台有着丰富、激烈的内心冲突，而正是通过对这一冲突的诉说，表现出她内心深处的母爱。但它不是传统母爱的歌颂，是对生命的实景写生，只有真正懂得爱的作家才写得出这样的生活散文。
十五年前龙应台以一位母亲的亲身经验写下《孩子你慢慢来》，她在书中说：“谁能告诉我做女性和做个人之间怎么平衡？我爱极了做母亲，只要把孩子的头放在我胸口，就能使我觉得幸福。可是我也是个需要极大的内在空间的个人……女性主义者，如果你不曾体验过生养的喜悦和痛苦，你究竟能告诉我些什么呢？”
十五年过去，龙应台不仅成为华文界最有影响力的一枝笔，也以她自己的智慧走出女性在个人事业和母亲角色的冲突，而这本书也给无数读者带来感动和启迪。
在《孩子你慢慢来》出版十五周年之际，三联书店推出全新简体版：大开本彩色印刷，精美呈现数十幅龙应台私家珍藏照片；特别收录龙应台的孩子：少年华飞、青年华安在该书出版十周年时所撰的跋——看华文世界最受瞩目的女性，原来她是这样做妈妈的。",https://img9.doubanio.com/view/subject/l/public/s4124434.jpg,2009-12-1,https://book.douban.com/subject/4207781/,8.7,,,2022-08-19 20:19:32
3464137581,城南旧事,林海音 文 关维兴 图 / 2003 / 中国青年出版社,"多少年来，《城南旧事》感动了一代又一代的读者，除了再版无数次的小说版外，1985年，本书在中国大陆搬上银幕，电影“城南旧事”获得“中国电影金鸡奖”、第二届“马尼拉国际电影节最佳故事片奖金鹰奖章”、第十四届“贝尔格勒国际儿童电影节最佳影片思想奖”等多项大奖。
儿童绘本版《城南旧事》由当今中国极具代表性的水彩画家关维兴，运用优雅诗意的风格和穿透人心的独到技巧，将创作的图画全然融入故事的情节。画中举凡服饰、器物和建筑，考据详实，没一点随便或含糊。人物细致的表情、光线和空气的律动、圆熟丰美的调子，使文图呈现无懈可击的呼应。绘本《城南旧事》甫出版即获选1993、1994年“波隆那国际儿童书插画展”、1993年“布拉迪斯国际插画双年展”以及1994年“加泰隆尼亚国际插画双年展”。
从小说到电影，从成人书到儿童绘本，《城南旧事》是故事、是梦幻，读时仿若音乐，轻轻扣动人心，字里行间所隐涵的深意，更令人撼动，久久不能自已。",https://img9.doubanio.com/view/subject/l/public/s2654869.jpg,2003-7,https://book.douban.com/subject/1254588/,9.1,,,2022-08-19 20:19:27
3464137560,钢铁是怎样炼成的,奥斯特洛夫斯基 / 2006 / 上海译文出版社,"尼·奥斯特洛夫斯基(1904—1936)，苏联重残盲人作家。《钢铁是怎样炼成的》是作者以亲身经历为素材创作的反映二三十年代青年参与建立和巩固苏维埃政权、参与重建国民经济火热斗争的长篇小说。
    主人公帕维尔·科尔恰金在战争中身负重伤，后全身瘫痪，双目失明。为重返建设国家的岗位，他刻苦自学，阅读了大量的文学作品，逐步提高写作水平，最终写出感人至深的长篇小说，继续为人民作出卓越贡献。《钢铁是怎样炼成的》主人公百折不回的顽强奋斗精神至今仍有积极意义。",https://img9.doubanio.com/view/subject/l/public/s1989294.jpg,2006-8-1,https://book.douban.com/subject/1894744/,7.6,,,2022-08-19 20:19:26
3464137543,查拉图斯特拉如是说,[德] 尼采 / 2007 / 生活·读书·新知三联书店,"《查拉图斯特拉如是说》是尼采假借查拉图斯特拉之名说出他自己的哲学思想，也可以说是一本查拉图斯特拉的说教集或者说是查拉图斯特拉的行藏录，又有点像圣者传一类的书，但这位圣者并不是宗教的圣者，而且本书并不像一般宗教书那样枯燥乏味，却是具有极高文学价值的散文诗。
《查拉图斯特拉如是说》是尼采的里程碑式的作品，几乎包括了尼采的全部思想。全书以汪洋恣肆的诗体写成，熔酒神的狂醉与日神的清醒于一炉，通过“超人”查拉图斯特拉之口宣讲未来世界的启示，在世界哲学史和诗歌史上均占有独特的不朽的地位。",https://img9.doubanio.com/view/subject/l/public/s2857294.jpg,2007-12,https://book.douban.com/subject/2359052/,8.9,,,2022-08-19 20:19:24
3464137406,白鹿原,陈忠实 / 1997 / 人民文学出版社,这是一部渭河平原五十年变迁的雄奇史诗，一轴中国农村班斓多彩、触目惊心的长幅画卷。主人公六娶六丧，神秘的序曲预示着不祥。一个家族两代子孙，为争夺白鹿原的统治代代争斗不已，上演了一幕幕惊心动魄的活剧：巧取风水地，恶施美人计，孝子为匪，亲翁杀媳，兄弟相煎，情人反目……大革命、日寇入侵、三年内战，白鹿原翻云覆雨，王旗变幻，家仇国恨交错缠结，冤冤相报代代不已……古老的土地在新生的阵痛中颤栗。厚重深邃的思想内容，复杂多变的人物性格，跌宕曲折的故事情节，绚丽多彩的风土人情，形成作品鲜明的艺术特色和令人震撼的真实感。,https://img9.doubanio.com/view/subject/l/public/s9137567.jpg,1997-12,https://book.douban.com/subject/1085799/,8.8,,,2022-08-19 20:19:17
3464137344,悲惨世界,[法] 雨果 / 2015 / 人民文学出版社,"《悲惨世界(上中下)(精)》是雨果在流亡期间写的长篇小说，是他的代表作，也是世界文学宝库的珍品之一。
《悲惨世界(上中下)(精)》通过冉阿让等人的悲惨遭遇以及冉阿让被卞福汝主教感化后一系列令人感动的事迹，深刻揭露和批判了19世纪法国封建专制社会的腐朽本质及其罪恶现象，对穷苦人民在封建重压下所遭受的剥削欺诈和残酷迫害表示了悲悯和同情。",https://img9.doubanio.com/view/subject/l/public/s29841680.jpg,2015-6,https://book.douban.com/subject/25897657/,9.6,,,2022-08-19 20:19:13
3464137289,围城,钱锺书 / 1991 / 人民文学出版社,《围城》是一幅栩栩如生的世井百态图，人生的酸甜苦辣千般滋味均在其中得到了淋漓尽致的体现。钱钟书先生将自己的语言天才并入极其渊博的知识，再添加上一些讽刺主义的幽默调料，以一书而定江山。《围城》显示给我们一个真正的聪明人是怎样看人生，又怎样用所有作家都必得使用的文字来表述自己的“观”和“感”的。,https://img9.doubanio.com/view/subject/l/public/s11276847.jpg,1991-2-1,https://book.douban.com/subject/11524204/,9.3,,,2022-08-19 20:19:10
3464137279,许三观卖血记,余华 / 2012 / 作家出版社,《许三观卖血记》是余华1995年创作的一部长篇小说。《许三观卖血记》以博大的温情描绘了磨难中的人生，以激烈的故事形式表达了人在面对厄运时求生的欲望。小说讲述了许三观靠着卖血渡过了人生的一个个难关，战胜了命运强加给他的惊涛骇浪，而当他老了，知道自己的血再也没有人要时，精神却崩溃了。,https://img9.doubanio.com/view/subject/l/public/s24575140.jpg,2012-9,https://book.douban.com/subject/4760224/,9.1,,,2022-08-19 20:19:09
3464137146,查令十字街84号,[美] 海莲·汉芙 / 2005 / 译林出版社,"这本被全球人深深钟爱的书，记录了纽约女作家海莲和一家伦敦旧书店的书商弗兰克之间的书缘情缘。双方二十年间始终未曾谋面，相隔万里，深厚情意却能莫逆于心。无论是平淡生活中的讨书买书论书，还是书信中所蕴藏的难以言明的情感，都给人以强烈的温暖和信任。这本书既表现了海莲对书的激情之爱，也反映了她对弗兰克的精神之爱。海莲的执著、风趣、体贴、率真，跳跃于一封封书信的字里行间，使阅读成为一种愉悦而柔软的经历。来往的书信被海莲汇集成此书，被译成数十种文字流传。
译者陈建铭是台湾一位古旧书店的工作人员，他在未被出版方邀作译者之前，便凭着自己对《查令十字街84号》的热爱动手开始翻译其中的章节。
现在世间已无查令十字街84号的旧书店，但英国文学，古本图书，伦敦巷陌，书中的这些话题仍不断激起后来者的思念和共鸣。广播、舞台和银幕也钟情于这本爱书人的掌上明珠，每年都有世界各地的书迷到伦敦查令十字街朝圣，渐渐地，《查令十字街84号》成为全球爱书人之间的一个暗号。",https://img9.doubanio.com/view/subject/l/public/s1326174.jpg,2005-05-01,https://book.douban.com/subject/1316648/,8.3,,,2022-08-19 20:19:02
3464137053,小王子,[法] 圣埃克苏佩里 / 2003 / 人民文学出版社,"小王子是一个超凡脱俗的仙童，他住在一颗只比他大一丁点儿的小行星上。陪伴他的是一朵他非常喜爱的小玫瑰花。但玫瑰花的虚荣心伤害了小王子对她的感情。小王子告别小行星，开始了遨游太空的旅行。他先后访问了六个行星，各种见闻使他陷入忧伤，他感到大人们荒唐可笑、太不正常。只有在其中一个点灯人的星球上，小王子才找到一个可以作为朋友的人。但点灯人的天地又十分狭小，除了点灯人他自己，不能容下第二个人。在地理学家的指点下，孤单的小王子来到人类居住的地球。
小王子发现人类缺乏想象力，只知像鹦鹉那样重复别人讲过的话。小王子这时越来越思念自己星球上的那枝小玫瑰。后来，小王子遇到一只小狐狸，小王子用耐心征服了小狐狸，与它结成了亲密的朋友。小狐狸把自己心中的秘密——肉眼看不见事务的本质，只有用心灵才能洞察一切——作为礼物，送给小王子。用这个秘密，小王子在撒哈拉大沙漠与遇险的飞行员一起找到了生命的泉水。最后，小王子在蛇的帮助下离开地球，重新回到他的B612号小行星上。
童话描写小王子没有被成人那骗人的世界所征服，而最终找到自己的理想。这理想就是连结宇宙万物的爱，而这种爱又是世间所缺少的。因此，小王子常常流露出一种伤感的情绪。作者圣埃克絮佩里在献辞中说：这本书是献给长成了大人的从前那个孩子。
《小王子》不仅赢得了儿童读者，也为成年人所喜爱，作品凝练的语言渗透了作者对人类及人类文明深邃的思索。它所表现出的讽刺与幻想，真情与哲理，使之成为法国乃至世界上最为著名的一部童话小说。",https://img9.doubanio.com/view/subject/l/public/s1103152.jpg,2003-8,https://book.douban.com/subject/1084336/,9.1,,,2022-08-19 20:18:56
3464137042,倾城之恋,张爱玲 / 1997 / 花城出版社,一对现实庸俗的男女，在战争的兵荒马乱之中被命运掷骰子般地掷到了一起，于“一刹那”体会到了“一对平凡的夫妻”之间的“一点真心”⋯⋯张爱玲是作为中国现代文学史上的一位杰出作家，而不是作为一个怪人、异人而存在的。也许她将不仅仅属于现代文学史。遥想几十年、几百年后，她会像她欣赏的李清照一样，在整个中国文学史上占据一个稳定的位置也说不定，而我们知道，那时候今天为我们所熟知的许多现代作家肯定都将被忽略不计了。,https://img9.doubanio.com/view/subject/l/public/s1077102.jpg,1997-3-1,https://book.douban.com/subject/1090043/,8.5,,,2022-08-19 20:18:55
3464137004,天才在左 疯子在右,高铭 / 2010 / 武汉大学出版社,本书以访谈录的形式记载了生活在另一个角落的人群（精神病患者、心理障碍者等边缘人）深刻、视角独特的所思所想，让人们可以了解到疯子抑或天才真正的内心世界。此书是国内第一本具有人文情怀的精神病患谈访录。内容涉及生理学、心理学、佛学、宗教、量子物理、符号学以及玛雅文明和预言等众多领域。,https://img9.doubanio.com/view/subject/l/public/s6340977.jpg,2010-2,https://book.douban.com/subject/4242172/,7.9,,,2022-08-19 20:18:52
3464136975,匆匆那年（上下）,九夜茴 / 2008 / 东方出版社,"80年代生人的张楠因大学毕业找不到好工作而留学澳洲，在那里他认识了同样留学的方茴。就在他被方茴的神秘感吸引时，却听说她竟然是同性恋。阴错阳差，他与方茴住在了同一屋檐下，并且通过其他朋友知道方茴并不是真正的同性恋者，而是曾经深受伤害，有过一段难以忘怀的经历。一次偶然的机会，在张楠的房间里，方茴给他讲述了自己的故事……
作品通过诙谐的文字，以方茴和陈寻的爱情故事为主线，描述了80后的情感与生活历程。方茴过去的回忆让人仿佛再次回到了90年代末的北京，在时间跨度长达十年的叙述中有美好的青春校园生活，有涉及青少年犯罪的探讨警示，有建国五十年大庆、迎接新世纪、北京申奥成功的历史事件，有大学时代的颓废迷茫，有工作以后的艰难奋斗，有婚姻生活的现状等等，以独特的视角真实记录了80后的成长轨迹和他们富有时代感的印记。",https://img9.doubanio.com/view/subject/l/public/s2892553.jpg,2008-1,https://book.douban.com/subject/2567919/,8.2,,,2022-08-19 20:18:51
3464136954,活着,余华 / 2012 / 作家出版社,"《活着(新版)》讲述了农村人福贵悲惨的人生遭遇。福贵本是个阔少爷，可他嗜赌如命，终于赌光了家业，一贫如洗。他的父亲被他活活气死，母亲则在穷困中患了重病，福贵前去求药，却在途中被国民党抓去当壮丁。经过几番波折回到家里，才知道母亲早已去世，妻子家珍含辛茹苦地养大两个儿女。此后更加悲惨的命运一次又一次降临到福贵身上，他的妻子、儿女和孙子相继死去，最后只剩福贵和一头老牛相依为命，但老人依旧活着，仿佛比往日更加洒脱与坚强。
《活着(新版)》荣获意大利格林扎纳•卡佛文学奖最高奖项（1998年）、台湾《中国时报》10本好书奖（1994年）、香港“博益”15本好书奖（1994年）、第三届世界华文“冰心文学奖”（2002年），入选香港《亚洲周刊》评选的“20世纪中文小说百年百强”、中国百位批评家和文学编辑评选的“20世纪90年代最有影响的10部作品”。",https://img9.doubanio.com/view/subject/l/public/s27279654.jpg,2012-8-1,https://book.douban.com/subject/4913064/,9.4,,,2022-08-19 20:18:50
3464136933,明朝那些事儿（壹）,当年明月 / 2006 / 中国友谊出版公司,从朱元璋的出身开始写起，到永乐大帝夺位的靖难之役结束为止。叙述了明朝最艰苦卓绝的开国过程。朱元璋pk陈友谅，谁堪问鼎天下？战太平、太湖大决战。卧榻之侧埋恶虎，铲除张士诚。徐达、常遇春等不世名将乘胜逐北破北元。更有明朝最大的谜团——永乐夺位、建文失踪的靖难之役。,https://img9.doubanio.com/view/subject/l/public/s1872653.jpg,2006-9,https://book.douban.com/subject/1873231/,8.8,,,2022-08-19 20:18:49
3464136908,富爸爸，穷爸爸,（美）罗伯特・T・清崎 莎伦・L・莱希特 / 2000 / 世界图书出版公司,《富爸爸，穷爸爸》是一个真实的故事，作者罗伯特・清崎的亲生父亲和朋友的父亲对金钱的看法截然不同，这使他对认识金钱产生了兴趣，最终他接受了朋友的父亲的建议，也就是书中所说的。“富爸爸”的观念，即不要做金钱的奴隶，要让金钱为我们工作，并由此成为一名极富传奇色彩的成功的投资家。,https://img9.doubanio.com/view/subject/l/public/s1429010.jpg,2000-09,https://book.douban.com/subject/1033778/,8.3,,,2022-08-19 20:18:48
3464136804,骆驼祥子,老舍 / 2000 / 人民文学出版社,《骆驼祥子》是老舍用同情的笔触描绘的一幕悲剧：二十年代的北京，一个勤劳、壮实的底层社会小人物怀着发家、奋斗的美好梦想，却最终为黑暗的暴风雨所吞噬。它揭示了当时“小人物”的奴隶心理和希望的最终破灭。随着祥子心爱的女人小福子的自杀，祥子熄灭了个人奋斗的最后一朵火花。这是旧中国老北京贫苦市民的典型命运。,https://img9.doubanio.com/view/subject/l/public/s1146040.jpg,2000-3-1,https://book.douban.com/subject/1043815/,8.6,,,2022-08-19 20:18:40
3464136782,唐吉诃德,米盖尔·德·塞万提斯 / 2007 / 华夏出版社,西班牙有一位乡绅，酷爱骑士小说，终日捧读，手不释卷，最后读昏了头脑，竟异想天开，要去做一名游侠骑士，锄强扶弱，行侠丈义，闯荡天下。他说服村上一位农夫做他的侍从，乘马持予，踏上冒险之途。他屡战屡败，屡败屡战，坚持自己的理想，直到一命归西。,https://img9.doubanio.com/view/subject/l/public/s3964272.jpg,2007-10,https://book.douban.com/subject/2308408/,8.3,,,2022-08-19 20:18:39
3464136716,最好的我们,八月长安 / 2013 / 湖南文艺出版社,"你总是说青春从不曾永远，而那时候的我们，就是最好的我们。
这一次，我们和整个青春做告别。
八月长安全新力作。
你还记得高中时的同桌吗？那个少年有世界上最明朗的笑容，那个女生有世界上最好看的侧影。高中三年，两个人的影子和粉笔灰交织在一起，黑白分明，在记忆里面转圈。本书以怀旧的笔触讲述了女主角耿耿和男主角余淮同桌三年的故事，耿耿余淮，这么多年一路走过的成长故事极为打动人心，整个故事里有的都是在成长过程中细碎的点点滴滴，将怀旧写到了极致，将记忆也写到了极致。",https://img9.doubanio.com/view/subject/l/public/s26720726.jpg,2013-8-5,https://book.douban.com/subject/24754316/,8.7,,,2022-08-19 20:18:34
3464136603,双城记,查尔斯・狄更斯 / 1996 / 人民文学出版社,"1775年12月的一个月夜，寓居巴黎的年轻医生梅尼特散步时，突然被厄弗里蒙地侯爵兄弟强迫出诊。在侯爵府第中，他目睹一个发狂的绝色农妇和一个身受剑伤的少年饮恨而死的惨状，并获悉侯爵兄弟为了片刻淫乐杀害他们全家的内情。他拒绝侯爵兄弟的重金贿赂，写信向朝廷告发。不料控告信落到 被告人手中，医生被关进巴士底狱，从此与世隔绝，杳无音讯。两年后，妻子心碎而死。幼小的孤女路茜被好友劳雷接到伦敦，在善良的女仆普洛斯抚养下长大。
18年后，梅尼特医生获释。这位精神失常的白发老人被巴黎圣安东尼区的一名酒贩、他旧日的仆人得伐石收留。这时，女儿路茜已经成长，专程接他去英国居住。旅途上，他们邂逅法国青年查理·代尔纳，受到他的细心照料。
原来代尔纳就是侯爵的儿子。他憎恨自己家族的罪恶，毅然放弃财产的继承权和贵族的姓氏，移居伦敦，当了一名法语教师。在与梅尼特父女的交往中，他对路茜产生了真诚的爱情。梅尼特为了女儿的幸福，决定埋葬过去，欣然同意他们的婚事。
在法国，代尔纳父母相继去世，叔父厄弗里蒙地侯爵继续为所欲为。当他那狂载的马车若无其事地轧死一个农民的孩子后，终于被孩子父亲用刀杀死。一场革命的风暴正在酝酿之中，得伐石的酒店就是革命活动的联络点，他的妻子不停地把贵族的暴行编织成不同的花纹，记录在围巾上，渴望复仇。
1789年法国大革命的风暴终于袭来了。巴黎人民攻占了巴士底狱，把贵族一个个送上断头台。远在伦敦的代尔纳为了营救管家盖白勒，冒险回国，一到巴黎就被捕入狱。梅尼特父女闻讯后星夜赶到。医生的出庭作证使代尔纳回到妻子的身边。可是，几小时后，代尔纳又被逮捕。在法庭上，得伐石宣读了当年医生在狱中写下的血书：向苍天和大地控告厄弗里蒙地家族的最后一个人。法庭判处代尔纳死刑。
就在这时，一直暗暗爱慕路茜的律师助手卡尔登来到巴黎，买通狱卒，混入监狱，顶替了昏迷中的代尔纳，梅尼特父女早已准备就绪，代尔纳一到，马上出发。一行人顺利地离开法国。
得伐石太太在代尔纳被判决后，又到梅尼特住所搜捕路茜及其幼女，在与普洛斯的争斗中，因枪支走火而毙命。而断头台上，卡尔登为了爱情，从容献身。",https://img9.doubanio.com/view/subject/l/public/s1192523.jpg,1996-08,https://book.douban.com/subject/1007772/,8.4,,,2022-08-19 20:18:27
3464136530,芳华,[美国] 严歌苓 / 2017 / 人民文学出版社,"从军经历伴随了严歌苓整个的青春年华。当她后来成为了一个作家，这段经历成了她取之不竭的创作源泉。《一个女兵的悄悄话》《雌性的草地》《灰舞鞋》《白麻雀》《爱犬颗勒》，都以部队生活为题材，但多是以一个作家的客观视角来为那个时代的军人塑像。而她*创作的长篇小说《芳华》则具有浓厚的个人自传色彩，是以*人称描写她当年亲历的部队文工团生活：隐藏在西南部都城的一座旧红楼里、某部队文工团的内景中发生的军版“才子佳人”的故事。
《芳华》涵盖了严歌苓的青春与成长期，她在四十余年后回望这段经历，笔端蕴含了饱满的情感。青春荷尔蒙冲动下的少男少女的懵懂激情，由激情犯下的过错，由过错生出的懊悔，还有那个特殊的时代背景，种种，构成了《芳华》对一段历史、一群人以及潮流更替、境遇变迁的复杂感怀。今天的作者严歌苓与当时的小女兵萧穗子在作品里构成了理性与感性的对话关系，重新呈现了当时年代里青春的混沌、感性与蒙昧。生命的恣肆与人性的层次以及时代的的特征构成了《芳华》繁复的调性，它向读者打开了多层面的认识路径。",https://img9.doubanio.com/view/subject/l/public/s29418322.jpg,2017-4,https://book.douban.com/subject/27010212/,8.1,,,2022-08-19 20:18:22
3464136440,茶花女,小仲马 / 1997 / 外国文学出版社,"《茶花女》为我们塑造了一些生动、鲜明的艺术形象，而其中最突出、最令人难忘的自然是女主人公茶花女玛格丽特。读者们切莫把玛格丽特和阿尔丰西娜·普莱西小姐混为一谈，阿尔丰西娜的身世固然值得同情，但她的的确确是个堕落的女人，用小仲马的话来说，她“既是一个纯洁无瑕的贞女，又是_个彻头彻尾的娼妇”。但玛格丽特却不同，她美丽、聪明而又善良j 虽然沦落风尘，但依旧保持着一颗纯洁、高尚的心灵。她充满热情和希望地去追求真正的爱情生活，而当这种希望破灭之后，又甘愿自我牺牲去成全他人。
这一切都使这位为人们所不齿的烟花女子的形象闪烁着一种圣洁的光辉，以至于人们一提起“茶花女”这三个字的时候，首先想到的不是什么下贱的妓女，而是一位美丽、可爱而又值得同情的女眭。古今中外的文学名著为人们留下了许许多多不朽的艺术形象，而玛格丽特则完全可以跻身其间而毫无愧色。",https://img9.doubanio.com/view/subject/l/public/s1008927.jpg,1997-3,https://book.douban.com/subject/1013380/,8.3,,,2022-08-19 20:18:17
3464136424,小妇人,[美] 路易莎·梅·奥尔科特 / 2018 / 读客图书·江苏凤凰文艺出版社,"“这本书我们都看了。”——杨绛
深深影响当代流行文化
一部作家们的人生之书
100年来改编25次
平均每四年推出一次同名影视作品
美国南北战争时期，马奇家的四姐妹在清贫却充满爱的环境中渐渐长大，在相聚与离别中，感悟亲情、爱情与友情，逐渐品尝到人生况味，实现自己的理想。
（1）出版150周年纪念版，全两册还原最初的《小妇人》
（2）88本塑造美国的文学名著之一
（3）百本英国全民大阅读(The Big Read)最受欢迎小说（排名18）
（4）最新全译修订本
（5）2018年BBC同名改编剧集原著
（6）文学史中开创女性成长小说先河之作
（7）译本：2018年知名译者王之光全译修订本
（8）注释：新增文中主人公喜欢的作家、作品、艺术家等注释，新增作者及故居照片、简介，充分了解《小妇人》背后的故事
（9）封面：精美双封皮，温暖红色刺绣封面
（10）装帧：内文采用芬兰进口轻型纸，环保护眼，轻盈便携
（11）读客精神成长文库，100个书单丰富你的灵魂。欢迎你从《小妇人》开始，进入读客精神成长文库！
作家们的人生之书：
在读《小妇人》之前，我从未发觉一个人与我如此的相像，我就是乔•马奇。
——J.K.罗琳
在阅读《小妇人》这部作品时，你能切身感受到生活的轻松无忧。
——乔治•奥威尔
她（杨必）渐渐也能跟着阿七同看翻译的美国小说《小妇人》。这本书我们都看了。
——《记杨必》杨绛
我尝试让每个女孩都来读这本书，因为这四姐妹实在太真实了！
——英国儿童文学作家杰奎琳•威尔森
我要用自己的头脑做武器，在这艰难的世间开创出一条路来。
—— 露易莎•梅•奥尔科特
《老友记》中瑞秋最爱的一本书",https://img9.doubanio.com/view/subject/l/public/s29733054.jpg,2018-4,https://book.douban.com/subject/30187774/,8.1,,,2022-08-19 20:18:16
3464136346,笑傲江湖（全四册）,金庸 / 1994 / 生活·读书·新知三联书店,《笑傲江湖》是金庸1967年写的一部武侠小说，属于金庸的后期作品。,https://img9.doubanio.com/view/subject/l/public/s2157335.jpg,1994-5,https://book.douban.com/subject/1002299/,9.1,,,2022-08-19 20:18:10
3464136329,红楼梦,曹雪芹 / 2018 / 人民文学出版社,《红楼梦》，中国古代古代四大名著之一，也是中国古代小说的巅峰之作。全书以荣国府的日常生活为中心，以宝玉、黛玉、宝钗的爱情婚姻悲剧及大观园中点滴琐事为主线，以金陵贵族名门贾、史、王、薛四大家族由鼎盛走向衰亡的历史为暗线，展现了封建时代家族和社会的没落。 另外为便于读 者阅读，本书选配了名家戴敦邦所绘彩色插图21幅附于书中，同时编制了“《红楼梦》四大家族主要人物关系表”“《红楼梦》主仆关系表”附于书中，以便读者阅读时参考。,https://img9.doubanio.com/view/subject/l/public/s29703857.jpg,2018-1-1,https://book.douban.com/subject/30137806/,9.8,,,2022-08-19 20:18:09
3464136308,在人间,高尔基 / 1998 / 人民文学出版社,《在人间》是高尔基自传体小说三部曲中的第二部。主人公阿瘳沙十一岁时不得不到社会上谋生，他先后在鞋店、圣像作坊当过学徒，也在绘图师家、轮船上做过杂工，历经坎坷，饱尝了世间的痛苦。在轮船上当洗碗工时，阿廖沙结识了正直的厨师斯穆雷，并在他的帮助下开始读书，激发了对正义和真理的追求。五年后，阿廖沙怀着进大学的希望准备到喀山去。,https://img9.doubanio.com/view/subject/l/public/s1072508.jpg,1998-05-01,https://book.douban.com/subject/1085856/,8,,,2022-08-19 20:18:08
3464136292,许三观卖血记,余华 / 1998 / 南海出版公司,《许三观卖血记》是余华1995年创作的一部长篇小说，它以博大的温情描绘了磨难中的人生，以激烈的故事形式表达了人在面对厄运时求生的欲望。小说讲述了许三观靠着卖血渡过了人生的一个个难关，战胜了命运强加给他的惊涛骇浪，而当他老了，知道自己的血再也没有人要时，精神却崩溃了。,https://img9.doubanio.com/view/subject/l/public/s1074291.jpg,1998-9,https://book.douban.com/subject/1029791/,8.9,,,2022-08-19 20:18:07
3464136260,少年维特的烦恼,[德] 歌德 / 1999 / 人民文学出版社,小说的情节十分简单，年轻的维特来到一个小镇，这里的自然风光、淳朴的民风、天真快乐的儿童给予他极大的快乐。一次舞会上他认识了一个叫绿蒂的少女，她的一颦一笑、一举一动都让他倾倒；绿蒂也喜欢他，却不能予以爱的回报，她已与维特好友订婚。维特陷入了尴尬和痛苦，他毅然离开此地，力图从事业上得到解脱，有所成就，然而鄙陋的环境、污浊的人际关系、压抑个性窒息自由的现存秩序，都使他无法忍受，当他怀才不遇地重返绿蒂身边时，发现绿蒂已结婚，决定以死殉情，遂用一支手枪结束了自己的生命。,https://img9.doubanio.com/view/subject/l/public/s1034847.jpg,1999-7,https://book.douban.com/subject/1047138/,7.8,,,2022-08-19 20:18:06
3464136201,鲁滨孙历险记,笛福 / 2006 / 上海译文出版社,《鲁滨孙历险记》中鲁滨孙出身于中产阶级，他父亲常用知足常乐的哲学教育他，要他满足现状。但他还是抵挡不住海外新世界的诱惑，几次三番地出海闯荡，终于有一次被困在了一个荒岛上。二十八年的孤岛生活仍然未能阻止他的冒险精神，他凭着坚韧的毅力，在荒岛上造房子、修田地、种粮食、养牲畜，硬是把荒岛建成了一个世外桃源，最后终于脱险，返回了欧洲。,https://img9.doubanio.com/view/subject/l/public/s2102598.jpg,2006-8,https://book.douban.com/subject/1893466/,8.2,,,2022-08-19 20:18:03
3464136163,红玫瑰与白玫瑰,张爱玲 / 1996 / 花城出版社,"“也许每一个男子全都有过这样的两个女人，至少两个。娶了红玫瑰，久而久之，红的变了墙上的一抹蚊子血，白的还是""床前明月光""；娶了白玫瑰，白的便是衣服上沾的一粒饭黏子，红的却是心口上一颗朱砂痣”。因为《红玫瑰与白玫瑰》这句话成了脍炙人口的名言……本书收录了张爱玲1944年的中短篇小说作品。",https://img9.doubanio.com/view/subject/l/public/s3695882.jpg,1996-06,https://book.douban.com/subject/1014278/,8.4,,,2022-08-19 20:18:00
3464136140,莫泊桑短篇小说选,[法] 莫泊桑 / 2002 / 人民文学出版社,莫泊桑最擅长的题材是他亲身参加过的普法战争、长达十年的小职员生涯和青少年时代在诺曼底故乡的生活，这三种环境为他的短篇小说提供了极为丰富的题材。这些作品歌颂了人民的爱国主义热情，表现了农村的习俗和世态，真实地反映了小职员的单调刻板的生活。它们在艺术上各有特色、并不雷同，犹如宝石上的各个校面，共同折射出灿烂的光芒。,https://img9.doubanio.com/view/subject/l/public/s2390623.jpg,2002-6,https://book.douban.com/subject/1083434/,8.7,,,2022-08-19 20:17:59
3464136116,雾都孤儿,[英] 查尔斯·狄更斯 / 2008 / 长江文艺出版社,《世界文学名著典藏:雾都孤儿(全译本)》以雾都伦敦为背景，讲述了一个孤儿悲惨的身世及遭遇，主人公奥利弗在孤儿院长大，经历学徒生涯，艰苦逃难，误入贼窝，又被迫与狠毒的凶徒为伍，历尽无数辛酸，最后在善良人的帮助下，查明身世并获得了幸福。,https://img9.doubanio.com/view/subject/l/public/s3036393.jpg,2008-5,https://book.douban.com/subject/2355626/,8.6,,,2022-08-19 20:17:58
3464136093,三国演义,罗贯中 / 1986 / 岳麓书社,"滚滚长江东逝水，浪花淘尽英雄。吕布赵云关羽，官渡赤壁街亭，斩华雄空城计长坂坡七擒七纵，一看三叹，三国风云起，几度夕阳红。该剧展现了历史上一个豪强们为攫取最高统治权而进行的政治斗争和频繁混战的动乱时代。展示了魏、蜀、吴纵横捭阖、逐鹿争雄的历史画卷！
《三国演义》是根据三国时期的史实和民间传说创作而成的优秀历史小说。它的内容丰富多彩，为读者留下了深厚多而的认识价值。故事远起汉灵帝年间刘、关、张桃园结义，描述了东汉末年和三国时期近百年发生的重大历史事件，和众多的叱咤风云的英雄人物。作者通过真实动人的故事，揭示了封建统治阶级内部的黑暗和腐朽，控诉了统治者的暴虐和丑恶。东汉末年，军阀混战，所谓“十八路”诸候联军征讨董卓，打的是“扶持王室，拯救黎民”的旗号，干的是勾心斗角、尔虞我诈的勾当，各怀心复事，都企图称王称霸。",https://img9.doubanio.com/view/subject/l/public/s1661101.jpg,1986-6-1,https://book.douban.com/subject/1483894/,9.5,,,2022-08-19 20:17:57
3464136010,少有人走的路,[美] M·斯科特·派克 / 2007 / 吉林文史出版社,"这本书处处透露出沟通与理解的意味，它跨越时代限制，帮助我们探索爱的本质，引导我们过上崭新，宁静而丰富的生活；它帮助我们学习爱，也学习独立；它教诲我们成为更称职的、更有理解心的父母。归根到底，它告诉我们怎样找到真正的自我。
正如开篇所言：人生苦难重重。M·斯科特·派克让我们更加清楚：人生是一场艰辛之旅，心智成熟的旅程相当漫长。但是，他没有让我们感到恐惧，相反，他带领我们去经历一系列艰难乃至痛苦的转变，最终达到自我认知的更高境界。",https://img9.doubanio.com/view/subject/l/public/s2144391.jpg,2007-1,https://book.douban.com/subject/1775691/,8.4,,,2022-08-19 20:17:51
3464135976,三国演义（全二册）,[明] 罗贯中 / 1998 / 人民文学出版社,"《三国演义》又名《三国志演义》、《三国志通俗演义》，是我国小说史上最著名最杰出的长篇章回体历史小说。 《三国演义》的作者是元末明初人罗贯中，由毛纶，毛宗岗父子批改。在其成书前，“三国故事”已经历了数百年的历史发展过程。在唐代，三国故事已广为流传，连儿童都很熟悉。随着市民文艺的发展，宋代的“说话”艺人，已有专门说三国故事的，当时称为“说三分”。元代出现的《三国志平话》，实际上是从说书人使用的本子，虽较简略粗糙，但已初肯《三国演义》的规模。罗贯中在群众传说和民间艺人创作的基础上，又依据陈寿《三国志》及裴松之注中所征引的资料（还包括《世说新语》及注中的资料），经过巨大的创作劳动，写在了规模宏伟的巨著——《三国志通俗演义》全书24卷，240回。后来经过毛纶，毛宗岗父子批改，形成我们现在所见的《三国演义》120回版

    由于人文出版社选取的毛批版本和明嘉靖版的《三国志通俗演义》颇有出入，将拥刘抑曹的思想发展到一个几乎病态的角度，且大量地删除了原文中赞扬曹操一方人物的诗词和评论，所以给世人造成一种三国演义打击曹操、歌颂刘备的错误印象，且该批改版将刘备一方无限神化，甚至将诸葛亮准备将魏延烧死在上方谷这样的情节统统删除，将诸葛说成是一个完美近乎神人的形象，这是大家阅读时候值得注意的地方。

    由于该版本选用的是毛批改版，而且没有将毛家父子的批语选入，就会给人造成一种错觉，认为该版本和毛批本是不相同的，其实本书和毛批本完全一致，不过是删除了批语部分，加入了编者的注脚。请读者朋友们阅读时注意",https://img9.doubanio.com/view/subject/l/public/s1076932.jpg,1998-05,https://book.douban.com/subject/1019568/,9.3,,,2022-08-19 20:17:50
3464135960,绿山墙的安妮,[加] 露西·莫德·蒙哥玛利 / 2003 / 浙江文艺出版社,"一部最甜蜜的描写儿童生活的小说。安妮是个身世凄凉的小女孩，出生不久即父母双亡，成了孤儿。好心的邻居把她养到六岁之后她又到另一户人家看孩子，后来被送到了孤儿院。十一岁的时候，绿山墙的马修和玛莉拉收养了她。安妮天性活泼乐观，想像力极为丰富。她的天真和幻想使闹了不少笑话，但她的善良和直率也使她赢得了友谊和真挚的爱。她聪明而勤奋，凭着自己的努力考取了大学，但为了照顾玛莉拉，她又放弃了学业。这是一个孤儿长大成人的故事，朴实而绚丽，充满着童心和梦幻。
绿山墙农舍的卡思伯特兄妹决定领养一个男孩，帮着做田里的农活。令人大吃一惊的是，孤儿院送来了一个爱幻想、喋喋不休的红发孩，一个小精灵。这个小精灵像一股清新的风吹进了闭塞的农舍乡村。故事由此开始……",https://img9.doubanio.com/view/subject/l/public/s1050548.jpg,2003-01,https://book.douban.com/subject/1064841/,9.1,,,2022-08-19 20:17:49
3464135944,童年 在人间 我的大学,[苏联] 马克西姆·高尔基 / 1997 / 人民文学出版社,,https://img9.doubanio.com/view/subject/l/public/s1008316.jpg,1997-11,https://book.douban.com/subject/1012489/,7.7,,,2022-08-19 20:17:47
3464135840,阿Q正传,鲁迅 著 丰子恺 绘 / 2003 / 上海书店出版社,《阿Q正传》讲述值此世纪末，衷心祈愿这里所议论的人物在下一世纪的中国现实生活中淡出；当然，作为光辉的典型人物，他将和哈姆雷特、唐·吉诃德等不朽的名字一样万古不朽。阿Q，是一个卑微渺小的人物，但却是一个巨大的名字。我不说：“伟大”而说“巨大”，是因为这个小人物的确称不上伟大，但这个名字的历史的和美学的涵容量却真是巨大得无比，我想不出世界任何一个文学人物能有阿Q那样巨大的概括性，把几亿人都涵盖进去。几乎每个中国人，你，我，他，都有阿Q的灵魂的因子。阿Q是一个“做奴隶而不可得的时代”的奴隶，比“做稳了奴隶的时代”的奴隶更可悲。做不稳，就要挣扎。他的挣扎当然不可能有过五关、斩六将或爬雪山、过草地那样的英雄事业，但作为一个小人物，他的一生也够悲壮的了。使阿Q的一生焕发悲壮的光采的是，他不仅呈现了清末民初的一个普通百姓的灵魂，几千年来成群而生、成群而死的默默的生长和枯死的灵魂；更是藉着这个灵魂的勾勒，多方面地全国民性的痼疾爆了光。阿Q虽然枪毙了，但他的阴魂不散，时时附在中国人的身上。因为痼疾的病灶埋藏得既深且久，不时复发，至少在本世纪还是常见病和多发病。但愿即将降临的新世纪，这个人物在中国淡出，只留下无与伦比的形象在艺苑中永生。这肯定也是创造这一典型人物的鲁迅的夙愿。,https://img9.doubanio.com/view/subject/l/public/s1074811.jpg,2003-7,https://book.douban.com/subject/1088065/,8.8,,,2022-08-19 20:17:41
3464135749,四世同堂,老舍 / 2008 / 北京十月文艺出版社,"值得每一代中国人阅读的文学经典，值得每一个中国人珍藏的民族记忆。老舍：它是我从事写作以来最长的、可能也是最好的一本书。入选《亚洲周刊》“二十世纪中文小说一百强”。
这是一部中国现代长篇小说经典名著，是老舍先生的代表作之一。
小说在卢沟桥事变爆发、北平沦陷的时代背景下，以祁家四世同堂的生活为主线，形象、真切地描绘了以小羊圈胡同住户为代表的各个阶层、各色人等的荣辱浮沉、生死存亡。作品记叙了北平沦陷后的畸形世态中，日寇铁蹄下广大平民的悲惨遭遇，那一派古老、宁静生活被打破后的不安、惶惑与震撼，鞭挞了附敌作恶者的丑恶灵魂，揭露了日本军国主义的残暴罪行，更反映出百姓们面对强敌愤而反抗的英勇无畏，讴歌、弘扬了中国人民伟大的爱国主义精神和坚贞高尚的民族气节，史诗般地展现了第二次世界大战期间，中国人民为世界反法西斯战争做出的杰出贡献，气度恢弘，可歌可泣。
老舍先生以深厚精湛的艺术功力和炉火纯青的小说技艺刻画了祁老人、瑞宣、大赤包、冠晓荷等一系列栩栩如生的艺术形象，展现了风味浓郁的北平生活画卷，至今传读不衰，历久弥新……",https://img9.doubanio.com/view/subject/l/public/s3228699.jpg,2008-07,https://book.douban.com/subject/3183775/,9.4,,,2022-08-19 20:17:37
3464135767,社会心理学,[美] 戴维·迈尔斯 / 2014 / 人民邮电出版社,"戴维·迈尔斯的《社会心理学》是美国700 多所大专院校社会心理学教学所采用的教材，自出版以来深受广大师生和社会心理学爱好者的喜爱，并被翻译成多种语言，有着广泛的影响力。本书译自第11 版。
全书共分四编：社会思维、社会影响、社会关系和应用社会心理学。第1 章（社会心理学导论）着重介绍社会心理学的基本概念、重要观点、价值观对心理学的影响、社会心理学研究方法等内容，为读者系统完成后面四编社会心理学的课程奠定了坚实的基础。第一编（2~4 章）着重探讨我们如何看待自己和他人。涉及自我概念、自尊、自我控制、自我服务偏差、印象管理、社会信念和判断、态度与行为的相互影响等内容。第二编（5~8 章）着重探讨我们如何彼此影响和联系，深刻剖析社会影响的威力。涉及态度与行为的文化根源、社会服从的力量、说服的原理和群体影响等内容。第三编（9~13 章）着重探讨我们彼此如何发生联系，分析了人与人之间感受和行为的正负极性：偏见、攻击、吸引与亲密、利他、冲突与和解。第四编（14~16 章）着重将前面章节中的理论原理、研究成果应用到现实生活之中，社会心理学的应用其实贯穿全书，但这编系统介绍了社会心理学在临床、司法等领域中的应用，最后还展望了社会心理学与人类可持续发展的未来的关系，尤其探讨了在面临人口增长、过度消费、全球变暖等生态危机时，社会心理学应该发挥的作用。
戴维·迈尔斯充分发挥了其在心理学写作方面无与伦比的才能，将科学的严谨性和人文的宽泛性巧妙地结合，兼具感性和理性，能让读者在愉快的阅读过程中轻松掌握心理学知识。可以说迈尔斯的《社会心理学》甫一问世即成为同类图书的翘楚，即使是抽象严谨的科学知识，都能通过生动的插图、幽默的漫画、睿智的引言、清晰的表格、优美的语言鲜活地展现在读者面前，让知识的学习变成愉快的旅程。每次再版迈尔斯都会向全球心理学的师生们征求意见，以保证本书学术的前沿性、定义的精确性、研究的严谨性、理论的全面性。此外还通过一些专栏启发读者思考，如“聚焦”关注社会心理学历史上的一些经典研究；“研究特写”介绍当前社会心理学的一些重大发现；“研究背后的故事”则能让读者了解这些社会心理学大师们的研究之路。本书适合心理学、社会学等专业的广大师生，同时也适合对社会心理学感兴趣的普通读者。",https://img9.doubanio.com/view/subject/l/public/s28261247.jpg,2014-10-1,https://book.douban.com/subject/25982198/,9.4,,,2022-08-19 20:17:37
3464135590,呐喊,鲁迅 / 1973 / 人民文学出版社,《呐喊》是鲁迅1918-1922年所作的短篇小说的结集，收有《狂人日记》、《孔乙己》、《药》、《明天》、《一件小事》、《头发的故事》等14篇作品。当时正值五四革命精神高扬时期。作者创作小说意在描写“病态社会的不幸的人们”，“揭出病苦，引起疗救的注意”，并为新文化运动“呐喊”。作品真实地描绘了从辛亥革命到五四时期的社会生活，揭示了种种深层次的社会矛盾，对封建制度及陈腐的传统观念进行了深刻的剖析和彻底的否定，表现出对民族生存的浓重的忧患意识和对社会变革的强烈渴望。,https://img9.doubanio.com/view/subject/l/public/s34099286.jpg,1973-3,https://book.douban.com/subject/1449351/,9.1,,,2022-08-19 20:17:26
3464135546,华胥引（全二册）,唐七公子 / 2011 / 现代出版社,《华胥引(套装共2册)》主要内容包括：华胥一引，乱世成殇。琴弦震响于九州列国之上，无声惊动。这是一个发生在乱世的故事。城破之日，卫国公主叶蓁以身殉国，依靠鲛珠死而复生。当她弹起华胥调，便生死人肉白骨，探入梦境与回忆。幻术构成的曲谱里，尽是人世的辛酸与苦涩。而她与亡她国家的陈国世子一次一次于幻境中相遇，身份两重，缘也两重。清平华胥调，能不能让每个人追回旧日的思念，不再悲伤？,https://img9.doubanio.com/view/subject/l/public/s4599550.jpg,2011-1,https://book.douban.com/subject/5916880/,8.2,,,2022-08-19 20:17:24
3464135525,呼啸山庄,艾米莉·勃朗特 / 1999 / 人民文学出版社,"夏洛蒂和传记作者告诉我们，爱米丽生性独立、豁达、纯真、刚毅、热情而又内向。她颇有男儿气概，酷爱自己生长其间的荒原，平素在离群索居中，除去手足情谊，最喜与大自然为友，从她的诗和一生行为，都可见她天人合一宇宙观与人生观的表现，有人因此而将她视为神秘主义者。其实人与自然的关系，从来就是人类文明史上重要的命题，爱米丽不过是步历代哲人、隐者、科学家、艺术家后尘，通过生活和创作，身体力行地探寻人与自然的关系。
由于爱米丽一生经历简短，她既未受完整系统教育，又没有爱情婚姻实际体验，人们对于她能写出《呼啸山庄》这样深刻独特的爱情绝唱也曾疑惑不解。对这一问题，早有人以“天才说”
做出解释，而经过百余年的研考据，传记作者和评论家又提出了更加令人信服的凭据。爱米丽以及她的姐妹，虽然生长在苦寒单调的约克郡，她们的父亲帕特里克・勃朗特却来自北爱尔兰，母亲玛丽亚・勃兰威尔是威尔士人。这一对父母所属民族的祖先，同属具有冲动浪漫气质的凯尔特人，而且二人都不乏写诗为文的天分：帕特里克又一向怀有文学抱负，曾自费出版诗集；玛丽亚出嫁前写给帕特里克的情书，也是文采斐然。继承了父母的遗传基因，又受到荒原精神的陶冶哺育，爱米丽的艺术天才无疑并非无源之水；而且她家那座荒原边缘上的牧师住宅，外观虽然冷落寒酸，内里却因几个才智过人的子女相亲相携而温馨宜人。他们自幼相互鼓励、切磋，以读书写作为乐。这一方面大大冲淡了物质匮乏之苦；同时也培养锻炼了他们的写作功力。
爱米丽的写作，从诗开始，她在着手创作《呼啸山庄》之前十六七年间，陆续写出习作诗文《贡代尔传奇》和短诗，如今所见，仅近二百首诗。姑且不论它们本身的艺术价值，这些文字起码也是创作《呼啸山庄》这部不朽之作的有益准备。换言之，她写《呼啸山庄》，是她写诗的继续。她的诗，真挚、雄劲、粗犷、深沉、高朗，这也是《呼啸山庄》的格调。",https://img9.doubanio.com/view/subject/l/public/s1095383.jpg,1999-01-01,https://book.douban.com/subject/1119522/,8.4,,,2022-08-19 20:17:22
3464135454,24个比利,[美] 丹尼尔·凯斯 / 2015 / 湖岸出版／外语教学与研究出版社,"1977年，美国俄亥俄州连续强暴案嫌犯比利‧米利根被警方逮捕，但是他对自己犯下的罪行居然毫无记忆。事实上，在他体内总共有24个人格存在，这些人格不仅在性格上，甚至连智商、年龄、国籍、语言、性别等方面也都不尽相同。这些不可思议的人格，到底是如何产生的呢？他到底是个欺骗公众的骗子，或只是个不幸的受害者？
父亲自杀，继父百般虐待，这让比利一方面迫切地渴望逃避这个世界──多次自杀，另一方面求生的本能又来安慰、保护自己，这两种力量纽结在一起，将比利撕成碎片……
当比利闭上眼睛，会有守护者里根出来击退施虐者，会有8岁的承受者戴维哭泣，女同性恋阿达拉娜、流氓菲利普、职业骗子凯文、小丑利伊、工作狂马克……像是一个队伍，每个人承担不同任务
一个人格来承受我的痛苦
一个人格来表现我的快乐
一个人格来保护我的身体
一个人格来享受他人的关爱
一个人格来学习逃脱
……
【推荐】
◎多重人格分裂纪实小说！心理纪实的巅峰！
◎莱昂纳多•迪卡普里奥为之等待20年的“故事”，改编电影《拥挤的房间》(The Crowded Room)正在制作。启发了《搏击俱乐部》《致命ID》《禁闭岛》等烧脑电影！
◎比利是世界上第一位在四名精神病医生和一名心理学家共同见证下接受彻底检查的多重人格症患者！
◎小S×阿信×吴奇隆×赵又廷×王心凌×陈乔恩×郑秀文×范玮琪×彭浩翔×钮承泽……港台众明星都在追看的一本心理纪实小说。潘玮柏更发行同名专辑！
◎日本五年狂销六百万册、中国台湾累计销售过百万册。
◎当悲伤太多的时候，一个人已经无法承受，我就把投注在一个人身上的所有煎熬分别来接受。
◎《献给阿尔吉侬的花束》作者最负盛名作品。",https://img9.doubanio.com/view/subject/l/public/s28094021.jpg,2015-6-30,https://book.douban.com/subject/26371317/,8.1,,,2022-08-19 20:17:17
3464135267,瓦尔登湖,[美] 梭罗 / 2006 / 上海译文出版社,"这本书的思想是崇尚简朴生活，热爱大自然的风光，内容丰厚，意义深远，语言生动，意境深邃，就像是个智慧的老人，闪现哲理灵光，又有高山流水那样的境界。
书中记录了作者隐居瓦尔登湖畔，与大自然水乳交融、在田园生活中感知自然重塑自我的奇异历程。读本书，能引领人进入一个澄明、恬美、素雅的世界。",https://img9.doubanio.com/view/subject/l/public/s1999119.jpg,2006-8,https://book.douban.com/subject/1865089/,8.4,,,2022-08-19 20:17:08
3464135241,海子的诗,海子 / 1999 / 人民文学出版社,本书收录了已故诗人海子的诗作精华，其诗以独特的风格深受读者的喜爱，从这些诗中反映出诗人那对于一切美好事物的眷恋之情，对于生命的世俗和崇高的激动和关怀。,https://img9.doubanio.com/view/subject/l/public/s1067491.jpg,1999-04,https://book.douban.com/subject/1011754/,9,,,2022-08-19 20:17:06
3464135217,小妇人,（美）路易莎・梅・奥尔科特 / 2004 / 译林出版社,"这部小说以家庭生活为描写对象，以家庭成员的感情纠葛为线索，描写了马奇一家的天伦之爱。马奇家的四姐妹中，无论是为了爱情甘于贫困的海格，还是通过自己奋斗成为作家的乔，以及坦然面对死亡的贝思和以扶弱为己任的艾米，虽然她们的理想和命运都不尽相同，但是她们都具有自强自立的共同特点。描写了她们对家庭的眷恋；对爱的忠诚以及对亲情的渴望。
马奇一家有四个姐妹，生活清贫、简单而又温馨。四组妹性格迥异；老大梅格漂亮端庄，有些爱慕虚荣；老二乔自由独立，渴望成为作家，老三贝丝善良羞涩，热爱音乐，老四埃米聪慧活泼，爱好艺术，希望成为一名上流社会的“淑女”。
所有时代的所有少女成长过程中所要面对的经历的，都可以在这本书中找到：初恋的甜蜜和烦恼，感情与理智的译，理想和现实的差距，贫穷与富有的矛盾。
《小妇人》故事情节简单真实，却感人至深，问世一百多年以来，多次被般上银幕，并被译成各种文字，成为世界文学宝库中的经典名作。书中描写的种种情感体验和生活经历，都曾经、正在并将要发生在每一个少女走向成熟的过程之中；书中提倡善良、忠诚、无私、慷慨、尊严、宽容、坚韧、勇敢、亦是人类永远尊崇和追求的美德和信低仰。所有这些，赋予这本书超赵时代和国度的生命力，这也正是她成为不朽的典的魅力和原因所在。",https://img9.doubanio.com/view/subject/l/public/s2156600.jpg,2004-01,https://book.douban.com/subject/1427288/,8.4,,,2022-08-19 20:17:05
3464135193,巴黎圣母院,雨果 / 2007 / 上海文艺出版社,《巴黎圣母院》也许为中世纪艺术开辟了真正的前景；而对中世纪这一辉煌艺术，至今有些人还不甚了了，更糟糕的是还有人不屑一顾。作者甘当此任，但是他认为这一任务远远没有完成。他已有多次机会维护我们的古老艺术，高声揭发种种亵渎、毁坏和玷污的行为。今后他还要乐此不疲。他责无旁贷，要反复强调这个问题。他一定要反复强调。学院派那些主张打倒偶像的人，越是疯狂地攻击中世纪建筑艺术，他越要坚持不懈地起来捍卫。因为，中世纪的建筑艺术落入什么人手中，今天无知的工人又是如何抹灰刷浆，胡乱对待这一伟大艺术的遗迹，叫人看着实在痛心！`我们这些聪明的人，眼睁睁看着他们胡来，站在一旁仅仅嘘几声，这真是莫大的耻辱！`这里讲的情况，何止发生在外省，还天天发生在我们家门口，我们窗户下面；天天发生在巴黎，发生在这个大都市，这座文化名城，这个新闻、言论、思想自由之邦。在要结束这篇“说明”的时候，我们不禁要举出几例，来说明他们就在我们眼皮底下，就在巴黎艺术公众的眼皮底下，全然不顾别人的谴责，每天都策划、讨论、开始并继续破坏文化的行径，而且心安理得，尽量干得漂亮，简直胆大包天，令批评家们瞠目结舌。大主教府最近拆除了，这座邸宅并不美观，倒还不算作孽，可是一股脑儿也把主教府拆毁，殊不知这是十四世纪遗留下来的珍贵古迹，热衷于拆毁的建筑师根本不懂得加以识别。他们良莠不分，一并铲除。现在又有人议论要拆毁精美的万森小教堂，拆下的石料用来建造什么连道迈尼都不曾需要的堡垒。一方面不惜工本，加紧修复波旁宫那个破玩意儿；另一方面却任凭秋分的狂风肆虐，扫荡圣小教堂美轮美奂的彩绘玻璃窗。屠宰场圣雅各教堂的钟楼四周，前几天又搭起了脚手架，说不准哪天早晨，就要挥舞镐头了。事有凑巧，一名泥瓦匠在司法宫那两座威严的钟楼之间盖了一间小白屋。另一名泥瓦匠又去阉割圣日耳曼草地，那可是有三座钟楼的封建时代教堂。毫无疑问，还会有一名泥瓦匠，要夷平圣日耳曼-欧塞鲁瓦王家教堂。所有那些泥瓦匠都自称是建筑师，由省政府或国库来支付报酬，他们还穿上绿色礼服，而所干的事，无非是以冒牌的风格损害真正的风格。就在我们写这篇“说明”的时候，这种景象多么可悲啊！`他们当中的一个人正掌握土伊勒里宫；另一个人对着菲利贝·德洛姆劈面砍了一刀，这位先生也不知人间有羞耻事，硬让他那低矮蠢笨的建筑，横卧在文艺复兴建筑物这面最挺秀的门脸之前，这当然不能说是一件无足挂齿的丑闻！,https://img9.doubanio.com/view/subject/l/public/s27644348.jpg,2007-7-1,https://book.douban.com/subject/2253413/,9,,,2022-08-19 20:17:04
3464135178,尼罗河上的惨案,[英] 阿加莎·克里斯蒂 / 2006 / 人民文学出版社,"林内特·里奇维被一颗子弹打穿了头颅，尼罗河之旅的宁静也因此被打破。这位年轻，美丽，时尚——拥有一切的女孩，最终失去了自己的生命。
赫尔克里·波洛的耳边回响着早先一位旅伴的话语：“我真想用我那把亲爱的小手枪顶着她的头，扣动扳机。”然而在这异国他乡的场景中，一切并不像表面显示的那样平静……",https://img9.doubanio.com/view/subject/l/public/s1683067.jpg,2006-5,https://book.douban.com/subject/1818347/,8.7,,,2022-08-19 20:17:03
3464135160,天龙八部,金庸 / 1994 / 生活·读书·新知三联书店,天龙八部乃金笔下的一部长篇小说，与《射雕》，《神雕》等 几部长篇小说一起被称为可读性最高的金庸小说。《天龙》的故事情节曲折，内容丰富，也曾多次被改编为电视作品。是金庸作品中集大成的一部。故事以北宋末年动荡的社会环境为背景，展开波澜壮阔的历史画卷，塑造了乔峰、段誉、 虚竹、慕容复等形象鲜明的人物，成为武侠史上的经典之作。故事精彩纷呈，人物命运悲壮多变，是可读性很强的作品，具有震撼人心的力量,https://img9.doubanio.com/view/subject/l/public/s26018275.jpg,1994-5,https://book.douban.com/subject/1255625/,9.2,,,2022-08-19 20:17:02
3464134919,那些回不去的年少时光,桐华 / 2010 / 江苏文艺出版社,"最值得珍藏的怀旧读物，写给年少自己的书，纪念我们共同的青春和成长
您还记得上世纪最后十年的青春是怎样吗？那可是我们独一无二的成长！
那些回不去的年少时光》以真挚的感情，真实的细节，讲述了一段发生在那个年代精彩扣人的青春和爱——少女罗琦琦天性桀骜，从不妥协。青春期的她游走在两种截然不同的世界里：作业、考试、小团体的校园；游戏机房、歌舞厅、小混混斗殴泡妞的社会。她看着中国第一代歌舞厅开起来，第一批港台娱乐来到身边……
每个人的生活和思想都发生着剧变。她和伙伴们分享着甜蜜、忧伤、彷徨、迷惑……在本书中，你可以看到所有你曾热爱却正在遗忘的人和事，更可以看到属于自己的青春和成长。",https://img9.doubanio.com/view/subject/l/public/s4130990.jpg,2010-01,https://book.douban.com/subject/4231381/,8.4,,,2022-08-19 20:16:48
3464134874,圆圈正义,罗翔 / 2019 / 中国法制出版社,"《圆圈正义》一书共收录作者的49篇随笔文章,分为“圆圈正义”“何谓榜样”“道德谴责的打开方式”“身负权力 各自珍重”“法律人的理智和多数人的情感”“生命的尊严”“心怀永恒 活在当下”七大部分，作者在本书中运用特有的坦诚、自省而尖锐的笔调，探讨了法律、正义、道德、权力的理念与现实、分析了如张扣扣案、莫某纵火案等社会热点案件、分享了自身求学经验和对人生的思考。本书不仅启蒙读者法律意识和法治观念，更在于帮助读者理解法律背后更深层次的价值基础。",https://img9.doubanio.com/view/subject/l/public/s33544846.jpg,2019-8-26,https://book.douban.com/subject/34815132/,8.1,,,2022-08-19 20:16:46
3464134703,狂人日记,鲁迅 / 2006 / 京华出版社,"《狂人日记》是鲁迅1918年发表的第一篇白话短篇小说，当时正值“五四”运动的前夜。由于辛亥革命的半途而废，特别是帝国主义侵略的加剧，使社会各种矛盾更加复杂尖锐。鲁迅以他锐敏的思想和犀利的笔触，对封建制度及其上层建筑表现了彻底的反抗。
《狂人日记》是中国现代文学史上第一篇 真正的现代白话小说。令人惊异的是，这部中国现代小说史上具有开山意义的作品，已经显示出极其成熟的特色，使后来的许多研究者为之倾倒，究其原因，除了鲁迅深厚的文学素养外，我们也无法不叹服于先生的天才。",https://img9.doubanio.com/view/subject/l/public/s1426308.jpg,2006-3,https://book.douban.com/subject/1398395/,8.9,,,2022-08-19 20:16:34
3464134628,安娜·卡列尼娜,[俄] 列夫·托尔斯泰 / 2007 / 上海文艺出版社,《安娜·卡列尼娜》是托尔斯泰第二部里程碑式的长篇小说，创作于 1873—1877年。作品由两条既平行又相互联系的线索构成：一条是安娜与卡列宁、伏伦斯基之间的家庭、婚姻和爱情纠葛；一条是列文和吉娣的爱情生活及列文进行的庄园改革。安娜是一个上流社会的贵妇人，年轻漂亮，追求个性解放和爱情自由，而她的丈夫却是一个性情冷漠的“官僚机器 ”。一次在车站上，安娜和年轻军官伏伦斯基邂逅，后者为她的美貌所吸引，拼命追求。最终安娜堕入情网，毅然抛夫别子和伏伦斯基同居。但对儿子的思念和周围环境的压力使她陷入痛苦和不安中，而且她逐渐发现伏伦斯基并非一个专情的理想人物。在相继失去儿子和精神上最后一根支柱 ——伏伦斯基后，经过一次和伏伦斯基的口角，安娜发现自己再也无法在这个虚伪的社会中生活下去，绝望之余，她选择了卧轨自杀。小说揭露了 19世纪六七十年代俄罗斯上流社会的丑恶与虚伪，同时也表达了作者处在社会转型期时所进行的复杂的道德探索和思想探索。,https://img9.doubanio.com/view/subject/l/public/s5763939.jpg,2007-8,https://book.douban.com/subject/2253380/,9.2,,,2022-08-19 20:16:29
3464134559,呼兰河传,萧红 / 2019 / 江西人民出版社,"萧红研究会特别推荐阅读版本
采用1941年上海杂志公司（桂林）初版文字
原汁原味保留文中东北方言、与现代汉语不尽一致的个别字词习惯用法，可读到更为纯正的萧红文字
收录茅盾论《呼兰河传》及骆宾基《呼兰河传》后记
原创木刻版画，还原精彩故事情节，插图珍藏版
《呼兰河传》是萧红代表名作，1941年由桂林上海杂志公司初版。备受鲁迅、茅盾、夏志清推崇，茅盾评价其为“一篇叙事诗，一幅多彩的风土画，一串凄婉的歌谣”。
萧红以自己的童年生活为线索，全文以“我”的视角，描写了20世纪二三十年代东北小城的风土人情，通过追忆家乡各色人物和生活画面，真实而生动地再现了当地百姓平凡、愚昧的生活日常。萧红笔下与祖父的情感，“后花园”里的有趣回忆都让读者为之动容。",https://img9.doubanio.com/view/subject/l/public/s33440235.jpg,2019-7-1,https://book.douban.com/subject/34451656/,9.2,,,2022-08-19 20:16:25
3464134534,人间失格,太宰治 / 2009 / 吉林出版集团,"第一次，我喝酒喝得如此失态。
悠悠醒来时，枕头边坐着常子。我躺在那位于本所工匠店二楼的房间里。
“财尽情亦绝，你说这句话时我还以为是开玩笑，你是认真的？难怪你都不来找我了。管它什么复杂的恩断义绝，我赚钱给你也不行吗？”
“不行。”
然后，她也躺下了，两人一夜未眠。
（收录《樱桃》）",https://img9.doubanio.com/view/subject/l/public/s6100756.jpg,2009-9,https://book.douban.com/subject/4011670/,8.3,,,2022-08-19 20:16:24
3464134390,追风筝的人,[美] 卡勒德·胡赛尼 / 2006 / 上海人民出版社,"12岁的阿富汗富家少爷阿米尔与仆人哈桑情同手足。然而，在一场风筝比赛后，发生了一件悲惨不堪的事，阿米尔为自己的懦弱感到自责和痛苦，逼走了哈桑，不久，自己也跟随父亲逃往美国。
成年后的阿米尔始终无法原谅自己当年对哈桑的背叛。为了赎罪，阿米尔再度踏上暌违二十多年的故乡，希望能为不幸的好友尽最后一点心力，却发现一个惊天谎言，儿时的噩梦再度重演，阿米尔该如何抉择？
故事如此残忍而又美丽，作者以温暖细腻的笔法勾勒人性的本质与救赎，读来令人荡气回肠。",https://img9.doubanio.com/view/subject/l/public/s1727290.jpg,2006-5,https://book.douban.com/subject/1770782/,8.9,,,2022-08-19 20:16:16
3464134355,人间喜剧,巴尔扎克 / 2009 / 世界图书出版公司,《人间喜剧:巴尔扎克小说选集》内容简介：巴尔扎克是十九世纪法国最伟大的作家之一，也是世界闻名的现实主义大师。他以毕生心血创作的由九十多部独立而又有所联系的小说组成的巨著《人间喜剧》，是人类文学宝库中的一朵奇葩。他用生花妙笔使几千个人物活跃在书中，而且对这些人物之间的本质关系进行了深刻的剖析，展现了法国社会从封建主义向资本义过渡时期的历史画卷。,https://img9.doubanio.com/view/subject/l/public/s4422116.jpg,2009-10,https://book.douban.com/subject/4199233/,9.3,,,2022-08-19 20:16:14
3464134307,红楼梦,[清] 曹雪芹 著 高鹗 续 / 1996 / 人民文学出版社,"《红楼梦》是一部百科全书式的长篇小说。以宝黛爱情悲剧为主线，以四大家族的荣辱兴衰为背景，描绘出18世纪中国封建社会的方方面面，以及封建专制下新兴资本主义民主思想的萌动。结构宏大、情节委婉、细节精致，人物形象栩栩如生，声口毕现，堪称中国古代小说中的经 典。
由红楼梦研究所校注、人民文学出版社出版的《红楼梦》以庚辰（1760）本《脂砚斋重评石头记》为底本，以甲戌（1754）本、已卯（1759）本、蒙古王府本、戚蓼生序本、舒元炜序本、郑振铎藏本、红楼梦稿本、列宁格勒藏本（俄藏本）、程甲本、程乙本等众多版本为参校本，是一个博采众长、非常适合大众阅读的本子；同时，对底本的重要修改，皆出校记，读者可因以了解《红楼梦》的不同版本状况。
红学所的校注本已印行二十五年，其间1994年曾做过一次修订，又十几年过去，2008年推出修订第三版，体现了新的校注成果和科研成果。
关于《红楼梦》的作者，原本就有多种说法及推想，“前八十回曹雪芹著、后四十回高鹗续”的说法只是其中之一，这次修订中校注者改为“前八十回曹雪芹著；后四十回无名氏续，程伟元、高鹗整理”，应当是一种更科学的表述，体现了校注者对这一问题的新的认识。
现在这个修订后的《红楼梦》是更加完善。",https://img9.doubanio.com/view/subject/l/public/s1070959.jpg,1996-12,https://book.douban.com/subject/1007305/,9.6,,,2022-08-19 20:16:11
3464134291,丰乳肥臀,莫言 / 2017 / 浙江文艺出版社,"*他的想象力丰富，又扎根于中国传统的说书艺术，这是他超过马尔克斯和福克纳的地方。——诺贝尔文学奖评委会前主席谢尔•埃斯普马克
*任何人要是想谈论中国，都应该先去读莫言的书，我认为他可以和福克纳平起平*莫言的作品植根于古老深厚的文明，具有无限丰富而又科学严密的想象空间，其写作思维新颖独特，以激烈澎湃和柔情似水的语言，展现了中国这一广阔的文化熔炉在近现代史上经历的悲剧、战争，反映了一个时代充满爱、痛和团结的生活。——意大利诺尼诺国际文学奖评委会
*莫言先生是当代中国文学的代表作家之一，他以独特的写实手法和丰富的想象力，描写了中国城市与农村的真实现状。莫言先生不仅是当代中国文学的旗手，也是亚洲和世界文学的旗手。——日本福冈亚洲文化奖评委会
*《丰乳肥臀》描写的世界，是从抗日战争开始到二十世纪八十年代改革开放时期，“性”和“生”剧烈冲突的世界，同时又是联系着无数“死”的世界。与占主导地位的历史观相比，这部小说更关注以往被人忽视的民众世界。——日本著名翻译家吉田富夫
*《丰乳肥臀》是这些年所读之书中最具压倒性印象的一本。故事与《铁皮鼓》相似，意境与《恶童日记》相似，那种中国式的无政府状态在日本文学中是没法相比较的。——日本著名评论家鹿岛茂
*这是一部严肃的、诚挚的、具有象征意义的作品，对中国的百年历史具有很大的概括性。这是莫言小说的突破，也是对中国当代文学的一次突破。——著名作家汪曾祺
*我欣赏此作所保持的莫言一贯的泥沙俱下的激情，这种激情中有金子的闪光，有对民族、人类、社会的宽阔的审视角度，尤其众多的女性形象所投注的母子之爱，这种爱经过变形、夸张，但仍然是有深度的，富有诗意的。——著名作家苏童
《丰乳肥臀》是莫言1995年创作的一部波澜壮阔的民间“史诗性”大书。它记录了一位饱经苦难的母亲和她的八个子女构成的庞大家族：母亲用奶水喂养女儿和女儿们的子女，在战乱中保护孩子们避难、逃荒。女儿们跟着她们爱上的男人加入不同的政治势力，于是20世纪中国的疯癫岁月便在这个庞大 家族的内部投射出角逐与厮杀、亲情与背叛、牺牲与冷漠、荣耀与耻辱。大起大落之下，母亲始终如坚硬的河床承受着一切，保护着一切，见证了战争与饥饿，也见证了荒唐与挥霍……
莫言以一贯超乎常人的想象力和东方超现实主义的笔法，描绘了一幅生机勃勃又涂满神秘色彩的乡村图景。在这里，爱与欲、生与死、鲜血与肉体、饥渴与奢侈，都以超自然的能量爆发出来。而位于图画中心的，却是那位承载苦难的民间女神，也是圣母玛利亚的化身——母亲。",https://img9.doubanio.com/view/subject/l/public/s33895248.jpg,2017-1,https://book.douban.com/subject/26904658/,8.8,,,2022-08-19 20:16:10
3464134215,羊脂球,莫泊桑 黄秋妮 / 2005 / 连环画出版社,"短篇小说《羊脂球》是一篇不可多得的佳作。它塑造了善良的妓女“羊脂球”可悲可怜的形象，鞭挞了那些自认为出身高贵实则卑鄙贪婪、忘恩负义的虚伪的资产阶级的上流人物。在《羊脂球》中，作者截取了一段平凡琐事，以小见大，概括出生活的真实以及人情世态的炎凉。尤其是故事的结尾，有独到之处。而《项链》等亦是世界中短篇文库中的瑰宝。
    作者莫泊桑（1850-1893），19世纪后半期法国优秀的批判现实主义作家，一生创作了6部长篇小说，350多部短篇小说。莫泊桑短篇小说布局结构的精巧、典型细节的选用、叙事抒情的手法以及行云流水般的自然文笔，都给后世作家提供了楷模。所以，他被誉为“短篇小说之王”。",https://img9.doubanio.com/view/subject/l/public/s1166174.jpg,2005-1-1,https://book.douban.com/subject/1220098/,9,,,2022-08-19 20:16:06
3464134180,牡丹亭,汤显祖 / 1963 / 人民文学出版社,"《牡丹亭》是明代大曲家汤显祖的代表作，这时作家的思想和艺术都已经成熟。明代话本小说《杜丽娘慕色还魂》为《牡丹亭》提供了基本情节。《牡丹亭》在《惊梦》《寻梦》《闹殇》各出的宾白中还保留了话本的若干原句。在小说中，杜丽娘还魂后，门当户对的婚姻顺利缔成；而在戏曲中，汤显祖进 行了脱胎换骨的创造性劳动，把小说中的传说故事同明代社会的现实生活结合起来，使它具有强烈的反礼教、反封建色彩，焕发出追求个性自由的光辉理想。
女主角杜丽娘是古典戏曲中最可爱的少女形象之一。出身和社会地位规定她应该成为具有三从四德的贤妻良母。她的人生第一课是《诗经》的首篇《关雎》。传统说法认为它是“后妃之德”的歌颂，是最好的闺范读本。她却直觉地认出这是一支恋歌。在婢女春香的怂恿下，她偷偷地走出闺房。“不到园林，怎知春色如许”，春天的大自然唤醒了她的青春活力。她生活在笼罩着封建礼教气氛，几乎与世隔绝的环境中，眼睁睁地看着青春即将逝去，她却无能为力，不由自主，只好把炽热的感情压制在心中。汤显祖没有因袭前人小说戏曲中一见倾心，互通殷勤，后花园私订终身的手法，而安排杜丽娘在游园之后和情人在梦中幽会；幽会以后，接着描写她第二次到园中《寻梦》。《惊梦》和《寻梦》是杜丽娘郁积在心中的热情的爆发，也是她反抗现实世
界的实际行动。
《牡丹亭》的感人力量，在于它具有强烈地追求个性自由，反对封建礼教的浪漫主义理想。这个理想作为封建体系的对立面而出现。善良与美好的东西都属于杜丽娘。汤显祖描写杜丽娘的美貌很成功，而描写杜丽娘的感情和理想的那些片段更具魅力。《牡丹亭》写出，她不是死于爱情被破坏，而是死于对爱情的徒然渴望。通过杜丽娘的形象，《牡丹亭》表达了当时广大男女青年要求个性解放，要求爱情自由、婚姻自主的呼声，并且暴露了封建礼教对人们幸福生活和美好理想的摧残。",https://img9.doubanio.com/view/subject/l/public/s1075414.jpg,1963-4-1,https://book.douban.com/subject/1073708/,9,,,2022-08-19 20:16:03
3464134159,从零开始的女性主义,[日本] 上野千鹤子 田房永子 / 2021 / 北京联合出版公司,"◎日本女性主义理论第一人、《厌女》作者上野千鹤子 面向普通读者的女性主义普及课
◎女性为何如此艰难？女性如何奋斗至今？又该如何奋斗？
◎工作、婚恋、育儿，该如何以女性主义的角度思考？
——————
【编辑推荐】
※2019年东京大学入学演讲《等待着你的是即使努力也无法获得回报 的社会》引发热议，使上野千鹤子成为了明星学者与作家。本书是继《厌女》《父权制与资本主义》在中国出版之后，她备受期待的新作。
※本书也是上野千鹤子的第一本面向普通读者的女性主义普及读物。不像她比较艰深的学术著作，本书语言幽默平实、通俗易懂，在轻松的对谈形式中向大众普及女性主义的内涵、历史，以及如何以女性主义角度思考日常中的工作、婚恋、育儿问题。
※本书内容触及现代女性所关心的核心问题，揭示了在当今社会中女性仍然面对的诸多不公与困境。上野千鹤子从自身的经历着手，将女性主义放置在个人生活的背景中，告诉我们女性主义不仅仅关乎女性，更关乎每个人的日常生活。
※本书辅以日本人气漫画家田房永子的漫画，让读者在轻松愉悦的氛围中，接受一次女性主义的洗礼。
——————
【内容简介】
女性主义是什么？为什么我们需要女性主义？如何用女性主义进行思考？
围绕上述种种问题，日本著名学者上野千鹤子与知名漫画家田房永子，开始了一场从零开始的女性主义课堂。她们用幽默的语言、传神的漫画，回溯女性主义的发展历程，畅谈母女关系、性、工作、婚恋、育儿等日常生活中的议题，驳斥关于女性的刻板偏见。
这堂课不仅开启了一趟全新的旅程，更告诉我们：女性主义，不仅仅关乎女性，更关乎每个人的日常生活。",https://img9.doubanio.com/view/subject/l/public/s33984963.jpg,2021-9,https://book.douban.com/subject/35523099/,8.7,,,2022-08-19 20:16:02
3464133990,万历十五年,[美] 黄仁宇 / 1997 / 生活·读书·新知三联书店,"万历十五年，亦即公元1587年，在西欧历史上为西班牙舰队全部出动征英的前一年；而在中国，这平平淡淡的一年中，发生了若干为历史学家所易于忽视的事件。这些事件，表面看来虽似末端小节，但实质上却是以前发生大事的症结，也是将在以后掀起波澜的机缘。在历史学家黄仁宇的眼中，其间的关系因果，恰为历史的重点，而我们的大历史之旅，也自此开始……
《万历十五年》是黄仁宇的成名之作，也是他的代表作之一。这本书融会了他数十年人生经历与治学体会，首次以“大历史观”分析明代社会之症结，观察现代中国之来路，给人启发良多。英文原本推出后，被美国多所大学采用为教科书，并两次获得美国书卷奖历史类好书的提名。",https://img9.doubanio.com/view/subject/l/public/s1800355.jpg,1997-5,https://book.douban.com/subject/1041482/,9,,,2022-08-19 20:15:51
3464133954,海边的卡夫卡,[日] 村上春树 / 2003 / 上海译文出版社,小说的主人公是一位自称名叫田村卡夫卡——作者始终未交代其真名——的少年。他在十五岁生日前夜独自离家出走，乘坐夜行长途巴士远赴四国。出走的原因是为了逃避父亲所作的比俄底浦斯王还要可怕的预言：尔将弑父，将与尔母、尔姐交合。卡夫卡四岁时，母亲突然失踪，带走了比卡夫卡年长四岁、其实是田村家养女的姐姐，不知何故却将亲生儿子抛弃。他从未见过母亲的照片，甚至连名字也不知道。仿佛是运命在冥冥之中引导，他偶然来到某私立图书馆，遂栖身于此。馆长佐伯女士是位四十多岁气质高雅的美妇，有着波澜曲折的神秘身世。卡夫卡疑心她是自己的生母，佐伯却对此不置可否。卡夫卡恋上了佐伯，并与之发生肉体关系。小说还另设一条副线，副线的主角是老人中田，他在二战期间读小学时，经历过一次神秘的昏迷事件，从此丧失了记忆，将学过的知识完全忘记，甚至不会认字计数，却获得了与猫对话的神秘能力。中田在神智失控的情况下杀死了一个自称焦尼·沃卡（Johnny Walker）、打扮得酷似那著名威士忌酒商标上所画的英国绅士的狂人，一路搭车也来到此地。小说共分49章，奇数章基本上用写实手法讲述卡夫卡的故事，偶数章则用魔幻手法展现中田的奇遇。两种手法交互使用，编织出极富强烈虚构色彩的、奇幻诡诘的现代寓言。佐伯是将这两个故事联结为一体的结合点，而弑父的预言似乎最终也未能避免，因为狂人焦尼·沃卡居然是卡夫卡生父乔装改扮的，真正的凶手也并非中田……,https://img9.doubanio.com/view/subject/l/public/s1068003.jpg,2003-4,https://book.douban.com/subject/1059419/,8.2,,,2022-08-19 20:15:48
3464133919,西游记（全二册）,吴承恩 / 2004 / 人民文学出版社,《西游记》主要描写的是孙悟空保唐僧西天取经，历经九九八十一难的故事。唐僧取经是历史上一件真实的事。大约距今一千三百多年前，即唐太宗贞观元年（627），年仅25岁的青年和尚玄奘离开京城长安，只身到天竺（印度）游学。他从长安出发后，途经中亚、阿富汗、巴基斯坦，历尽艰难险阻，最后到达了印度。他在那里学习了两年多，并在一次大型佛教经学辩论会任主讲，受到了赞誉。贞观十九年（645）玄奘回到了长安，带回佛经657部。他这次西天取经，前后十九年，行程几万里，是一次传奇式的万里长征，轰动一时。后来玄奘口述西行见闻，由弟子辩机辑录成《大唐西域记》十二卷。但这部书主要讲述了路上所见各国的历史、地理及交通，没有什么故事。及到他的弟子慧立、彦琮撰写的《大唐大慈恩寺三藏法师传》，则为玄奘的经历增添了许多神话色彩，从此，唐僧取经的故事便开始在民间广为流传。南宋有《大唐三藏取经诗话》，金代院本有《唐三藏》、《蟠桃会》等，元杂剧有吴昌龄的《唐三藏西天取经》、无名氏的《二郎神锁齐大圣》等，这些都为《西游记》的创作奠定了基础。吴承恩也正是在民间传说和话本、戏曲的基础上，经过艰苦的再创造，完成了这部令中华民族为之骄傲的伟大大文学巨著。吴承恩，字汝忠，号射阳山人，淮安府山阳（今江苏省淮安市）人。约生于明弘治十三年至正德初年之间（1500—1510），约卒于万历十年（1582）。吴承恩的曾祖父、祖父都是读书人，任过县学的训导、教谕。但到了他父亲吴锐这一辈，由于家贫困，出赘徐家，“遂袭徐氏业，坐肆中”，当起了小商人。尽管如此，吴家却不失读书的传统。据说其父吴锐虽为商人，不仅为人正派，而且好读书，好谈时政，这自然对吴承恩产生较大影响。吴承恩从小就很聪明，很早入了学，少年得志，名满乡里。天启《淮安府志》卷十六说吴承恩“性敏而多慧，博极群书，为诗文，下笔立成。”但成年后的吴承恩却很不顺利，在科举进身的道路上屡遭挫折，到四十多岁才补了一个岁贡生，五十多岁任过浙江长兴县丞，后又担任过荆王府纪善，这是同县丞级别差不多的闲职。吴承恩创作《西游记》大约是中年以后，或认为是晚年所作，具体时间无法确定。除《西游记》外，他还创作有长诗《二郎搜山图歌》和《禹鼎志》。现存《射阳先生存稿》四卷，包括诗一卷、散文三卷，是吴承恩逝世后由丘度编订而成。 《西游记》全书一百回，从大的结构上看，可分成三个部分。第一回至第八回是第一部分，主要写了孙悟空出世、拜师、大闹天宫，这是全书最精彩的章节，热闹非凡，孙悟空上天入地好一顿折腾，将他的反抗性格表现得淋漓尽致。第八回至第十二回是第二部分，主要写了唐僧的出身及取经的缘由。第十三回至最后一回是第三部分，主要写唐僧西天取经，路上先后收了孙悟空、猪八戒、沙和尚三个徒弟，并历经九九八十一难，终于取到了真经，修成了正果。 《西游记》向人们展示了一个绚丽多彩的神魔世界，人们无不在作者丰富而大胆的艺术想象面前惊叹不已。然而，任何一部文学作品都是一定社会生活的反映，作为神魔小说杰出代表的《西游记》亦不例外。正如鲁迅先生在《中国小说史略》中指出，《西游记》“讽刺揶揄则取当时世态，加以铺张描写”。又说：“作者禀性，‘复善谐剧’，故虽述变幻恍忽之事，亦每杂解颐之言，使神魔皆有人情，精魅亦通世故。”的确如此。 通过《西游记》中虚幻的神魔世界，我们处处可以看到现实社会的投影。如在孙悟空的形象创造上，就寄托了作者的理想。 孙悟空那种不屈不挠的斗争精神，奋起金箍棒，横扫一切妖魔鬼怪的大无畏气概，反映了人民的愿望和要求。他代表了一种正义的力量，表现出人民战胜一切困难的必胜信念。又如取经路上遇到的那些妖魔，或是自然灾难的幻化，或是邪恶势力的象征。他们的贪婪、凶残、阴险和狡诈，也正是封建社会里的黑暗势力的特点。不仅如此，玉皇大帝统治的天宫、如来佛祖管辖的西方极乐世界，也都浓浓地涂上了人间社会的色彩。而作者对封建社会最高统治者的态度也颇可玩味，在《西游记》中，简直找不出一个称职的皇帝；至于昏聩无能的玉皇大帝、宠信妖怪的车迟国国王、要将小儿心肝当药引子的比丘国国王，则不是昏君就是暴君。对这些形象的刻画，即使是信手拈来，也无不具有很强的现实意义。 《西游记》不仅有较深刻的思想内容，艺术上也取得了很高的成就。它以丰富奇特的艺术想象、生动曲折的故事情节，栩栩如生的人物形象，幽默诙谐的语言，构筑了一座独具特色的《西游记》艺术宫殿。但我认为，《西游记》在艺术上的最大成就，是成功地创造了孙悟空、猪八戒这两个不朽的艺术形象。 孙悟空是《西游记》中第一主人公，是个非常了不起的英雄。他有无穷的本领，天不怕地不怕，具有不屈的反抗精神。他有着大英雄的不凡气度，也有爱听恭维话的缺点。他机智勇敢又诙谐好闹。而他最大的特点就是敢斗。与至高至尊的玉皇大帝敢斗，楞是叫响了“齐天大圣”的美名；与妖魔鬼怪敢斗，火眼金睛决不放过一个妖魔，如意金箍棒下决不对妖魔留情；与一切困难敢斗，决不退却低头。这就是孙悟空，一个光彩夺目的神话英雄。说到猪八戒，他的本事比孙悟空可差远了，更谈不上什么光辉高大，但这个形象同样刻画得非常好。 猪八戒是一个喜剧形象，他憨厚老实，有力气，也敢与妖魔作斗争，是孙悟空第一得力助手。但他又满身毛病，如好吃，好占小便宜，好女色，怕困难，常常要打退堂鼓，心里老想着高老庄的媳妇；他有时爱撒个谎，可笨嘴拙腮的又说不圆；他还时不时地挑拨唐僧念紧箍咒，让孙悟空吃点苦头；他甚至还藏了点私房钱，塞在耳朵里。他的毛病实在多，这正是小私有者的恶习。作者对猪八戒缺点的批评是很严厉的，但又是善意的。他并不是一个被否定的人物，因此人们并不厌恶猪八戒，相反却感到十分真实可爱。唐僧的形象写得也不错，但比起孙悟空、猪八戒来，则要逊色得多。沙僧更是缺少鲜明的性格特点，这不能不说是《西游记》的缺憾。尽管如此，《西游记》在艺术上取得的成就仍是十分惊人的，孙悟空、猪八戒这两个形象，以其鲜明的个性特征，在中国文学史上立起了一座不朽的艺术丰碑。,https://img9.doubanio.com/view/subject/l/public/s1627374.jpg,2004-8,https://book.douban.com/subject/1029553/,9,,,2022-08-19 20:15:46
3464133842,坟,鲁迅 / 2006 / 人民文学出版社,"《坟》收作者1907年至1925年所作论文二十三篇。1927年3月由北京未名社初版，1929年3月第二次印刷时曾经作者校订。1930年4月第三次印刷改由上海北新书局出版。作者生前共印行四版次。作者说：将这些体式上截然不同的东西，集合了做成一书样子的缘由，说起来是很没有什么冠冕堂皇的。首先就因为偶尔看见了几篇将近二十年前所做的所谓文章。这是我做的么？我想。看下去，似乎也确是我做的。那是寄给《河南》②的稿子；因为那编辑先生有一种怪脾气，文章要长，愈长，稿费便愈多。所以如《摩罗诗力说》那样，简直是生凑。倘在这几年，大概不至于那么做了。又喜欢做怪句子和写古字，这是受了当时的《民报》③的影响；现在为排印的方便起见，改了一点，其余的便都由他。这样生涩的东西，倘是别人的，我恐怕不免要劝他“割爱”，但自己却总还想将这存留下来，而且也并不“行年五十而知四十九年非”④，愈老就愈进步。其中所说的几个诗人，至今没有人再提起，也是使我不忍抛弃旧稿的一个小原因。他们的名，先前是怎样地使我激昂呵，民国告成以后，我便将他们忘却了，而不料现在他们竟又时时在我的眼前出现。 
　　其次，自然因为还有人要看，但尤其是因为又有人憎恶着我的文章。说话说到有人厌恶，比起毫无动静来，还是一种幸福。天下不舒服的人们多着，而有些人们却一心一意在造专给自己舒服的世界。这是不能如此便宜的，也给他们放一点可恶的东西在眼前，使他有时小不舒服，知道原来自己的世界也不容易十分美满。苍蝇的飞鸣，是不知道人们在憎恶他的；我却明知道，然而只要能飞鸣就偏要飞鸣。我的可恶有时自己也觉得，即如我的戒酒，吃鱼肝油，以望延长我的生命，倒不尽是为了我的爱人，大大半乃是为了我的敌人，给他们说得体面一点，就是敌人罢，要在他的好世界上多留一些缺陷。君子之徒⑤曰：你何以不骂杀人不眨眼的军阀呢⑥？斯亦卑怯也已！但我是不想上这些诱杀手段的当的。木皮道人⑦说得好， “几年家软刀子割头不觉死”，我就要专指斥那些自称“无枪阶级”而其实是拿着软刀子的妖魔。即如上面所引的君子之徒的话，也就是一把软刀子。假如遭了笔祸了，你以为他就尊你为烈士了么？不，那时另有一番风凉话。倘不信，可看他们怎样评论那死于三一八惨杀的青年⑧。",https://img9.doubanio.com/view/subject/l/public/s2128420.jpg,2006-12,https://book.douban.com/subject/1974029/,9.6,,,2022-08-19 20:15:40
3464133812,边城,沈从文 / 2018 / 北岳文艺出版社,《边城》以20世纪30年代川湘交界的边城小镇茶峒为背景，以兼具抒情诗和小品文的优美笔触，描绘了湘西边城淳朴的世道民风和天然的生活状态。小说的语言古朴清新，犹如一首哀婉凄美的田园牧歌，美得让人神往。在这洗净尘埃的田园中，爱是透明的，连惆怅也有淡淡的温暖……,https://img9.doubanio.com/view/subject/l/public/s33304362.jpg,2018-8-1,https://book.douban.com/subject/31098717/,9.2,,,2022-08-19 20:15:38
3464133793,飘,[美国] 玛格丽特·米切尔 / 2000 / 译林出版社,"小说中的故事发生在1861年美国南北战争前夕。生活在南方的少女郝思嘉从小深受南方文化传统的熏陶，可在她的血液里却流淌着野性的叛逆因素。随着战火的蔓廷和生活环境的恶化，郝思嘉的叛逆个性越来越丰满，越鲜明，在一系列的的挫折中她改造了自我，改变了个人甚至整个家族的命运，成为时代时势造就的新女性的形象。
作品在描绘人物生活与爱情的同时，勾勒出南北双方在政治，经济，文化各个层次的异同，具有浓厚的史诗风格，堪称美国历史转折时期的真实写照，同时也成为历久不衰的爱情经典。",https://img9.doubanio.com/view/subject/l/public/s1078958.jpg,2000-9,https://book.douban.com/subject/1068920/,9.3,,,2022-08-19 20:15:37
3464133753,半生缘,张爱玲 / 2006 / 北京十月文艺出版社,"他和曼桢认识，已经是多年前的事了。算起来倒已经有十四年了——真吓人一跳！马上使他连带地觉得自己已老了许多。日子过得真快，尤其对于中年以后的人，十年八年都好像是指顾间的事。可是对于年轻人，三年五载就可以是一生一世。他和曼桢从认识到分手，不过几年的工夫，这几年里面却经过这么许多事情，仿佛把生老病死一切的哀乐都经历到了。
曼桢曾经问过他，他是什么时候起开始喜欢她的。他当然回答说：“第一次看见的时候。”说那句话的时候是在那样的一种心醉的情形下，简直什么都可以相信，自己当然绝对相信那不是谎话。其实他到底是什么时候第一次看见她的，根本就记不清楚了。",https://img9.doubanio.com/view/subject/l/public/s2838737.jpg,2006-12,https://book.douban.com/subject/1963684/,8.6,,,2022-08-19 20:15:34
3464133723,杀死一只知更鸟,[美] 哈珀·李 / 2017 / 译林出版社,"《杀死一只知更鸟》是公认的美国文学经典，而它在教育领域的意义却使其突破了国界，成为世界上最有名的成长小说之一。《杀死一只知更鸟》在西方世界的影响力巨大，是美国中小学的必读书目，图书馆借阅次数最高的图书，以及英国青少年最喜爱的图书，在最近一次民意投票中，它甚至压倒《圣经》，成为“最具启示意义的书”。
《杀死一只知更鸟》的可贵之处在于，它塑造了人类家庭教育的典范，并提供了极具可操作性的实例与示范。和很多要去保持儿童纯净心灵的虚构故事不同，它着力教导孩子如何在磨难中历练风度，在不公平中积累正气，如何在充满丑陋与问题的世界中塑造自己的道德底线，保持精神的体面。除此之外，书中的阿迪克斯这位平民英雄父亲为迷茫的父母提供了一本教育说明书：如何去鉴别孩子的问题，那些是年龄造成的，应该给他们时间去成长，哪些问题又是成长中的关键，是原则问题，必须及时干预；父母应该是什么样一个形象，在复杂的社会中，哪些方面应该去适应去顺应，哪些方面应该坚持自己的立场，哪怕要为此付出代价。
可以说，《杀死一只知更鸟》的课题是永恒的，是突破时代局限的，正是信仰与现实的缠斗，也是创造更好的世界的依据，也是人类对于自身的信心。这是《知更鸟》长盛不衰的原因之一。",https://img9.doubanio.com/view/subject/l/public/s29350294.jpg,2017-2,https://book.douban.com/subject/26879778/,9.3,,,2022-08-19 20:15:33
3464133706,百年孤独,[哥伦比亚] 加西亚·马尔克斯 / 2011 / 南海出版公司,《百年孤独》是魔幻现实主义文学的代表作，描写了布恩迪亚家族七代人的传奇故事，以及加勒比海沿岸小镇马孔多的百年兴衰，反映了拉丁美洲一个世纪以来风云变幻的历史。作品融入神话传说、民间故事、宗教典故等神秘因素，巧妙地糅合了现实与虚幻，展现出一个瑰丽的想象世界，成为20世纪最重要的经典文学巨著之一。1982年加西亚•马尔克斯获得诺贝尔文学奖，奠定世界级文学大师的地位，很大程度上乃是凭借《百年孤独》的巨大影响。,https://img9.doubanio.com/view/subject/l/public/s27237850.jpg,2011-6,https://book.douban.com/subject/6082808/,9.3,,,2022-08-19 20:15:31
3464133553,唐宋传奇集,鲁迅 校录 / 2019 / 三秦出版社,"◆中国小说开山之书，鲁迅历时十五年编成
◆幻梦、鬼神、爱情与侠义，唐人笔下的长安故事
◆《妖猫传》《刺客聂隐娘》《长安十二时辰》灵感来源，王小波为此两度改编
◆独家附录《中国怪谈》作者赵志明三篇新译×鬼才漫画家撒旦君插图
◆裸脊锁线，专金印刷，彩色插图，装帧精美，收藏必备
*******************************************************************************************
所谓传奇，即是指唐代文人集中创作的短篇小说，内容多以记述奇闻异事为主。与先秦神话、六朝志怪相比，唐传奇首次出现自觉性的艺术虚构，自此，古代小说作为一种文学体裁才真正成熟。晚唐裴铏以《传奇》作为自己小说集的名称。宋以后,人们根据这类小说多传写奇闻异事的特点,泛称唐人小说为 “传奇”。
鲁迅“发意匡正”(《唐宋传奇集》序例)﹐重新编辑一部可以凭信的唐宋传奇集﹐因据《文苑英华》﹑《太平广记》﹑《青琐高议》等著作﹐选录单篇传奇《古镜记》﹑《补江总白猿传》﹑《离魂记》等45篇﹐编成此集。集中绝大多数是脍炙人口的名篇﹐都选用可靠的版本﹐经过仔细校订。书末附有《稗边小缀》1卷﹐对各篇的作者和版本作了考证说明。
*******************************************************************************************
◆关于美和幻想。你看唐传奇就能明白了。人有幻想，生命才充实。——陈凯歌
◆唐传奇对我影响很大，《长安十二时辰》的很多细节都脱胎于唐传奇。唐传奇采用的是非常放飞自我的写法，其中体现的想象力、气质和后世的文学作品不太一样。——马伯庸
◆大学时我就看唐传奇，发现这个朝代煞是动人，有非常多的故事，电影拍都拍不完。 ——侯孝贤",https://img9.doubanio.com/view/subject/l/public/s33510670.jpg,2019-10,https://book.douban.com/subject/34874546/,8.6,,,2022-08-19 20:15:22
3464133365,城南旧事,林海音 / 2019 / 湖南文艺出版社,"让实际的童年过去，心灵的童年永存下来。——林海音
《城南旧事》是著名女作家林海音于一九六〇年出版的以其七岁到十三岁的生活为背景的一部自传体短篇小说集。 它描写二十世纪二十年代，北京城南一座四合院里，住着英子温暖和睦的一家。它透过主角英子童稚的双眼，向世人展现了大人世界的 悲欢离合，有一种说不出来的天真，却道尽人世复杂的情感，感动了一代又一代的读者。
————————
【编辑推荐】
1、	“台湾文学的祖母级人物”林海音自传体小说。五十年来，一直感动着我们的经典故事。
2、	据台湾原版重排、修订的版本；采用“企鹅经典”等国际上流行的便携式开本，随时随地可以品读经典。中国台湾知名设计师手绘封面，内页采用进口的轻型纸，柔软，便于翻阅。
3、	教育部统编语文教材必读书目，其中篇目多次入选中小学语文课本。
4、  入选《亚洲周刊》“二十世纪中文小说一百强”，百年百种优秀中国文学图书。
超暖心课外读物，适合所有7岁以上的人阅读，讲述亲情与友情，离别与成长。
————————
【媒体及名人评价】
上海是张爱玲的，北京是林海音的。
——余光中
林海音的文笔善于写动作和声音，而她又从不滥用渲染，不多用长句，淡淡几笔，情景立现。因此看似简单的回忆，却能深深地感动人。
——齐邦媛（《巨流河》作者）
中国乡愁文学的最后一笔终于随着运煤骆驼队走进淡淡的水墨山影里，不必叮咛，不带惊讶，依稀听到的是城南那个小女孩花树下的笑语和足音。林先生永远不老，像英子。
——董桥
林海音先生是台湾“京味儿”作品的代表人物。
——舒乙
我被小说《城南旧事》中那种沉沉的相思、淡淡的哀愁深深打动了，整部小说充满了朴素、温馨的思想感情。当这部影片上映后，这种情感同样打动了无数的观众。
——吴贻弓（电影《城南旧事》导演）
女性作家文笔的细腻清秀或者真挚热烈都不困难，但能够懂得幽默却不容易，须大家方可。因为幽默本是智慧的高级表达形式，我喜爱林海音，这也是一个重要的缘由。
——中国作协主席 铁凝
为什么我们不来造一些字，造一些真正的敬辞，好来呈献给这位刚刚逝去的长者——一个在文化困境中流离的灵魂，却以整个生命的光与热情修补了每一道创痕的妇人。
——席慕容",https://img9.doubanio.com/view/subject/l/public/s33324553.jpg,2019-8,https://book.douban.com/subject/34468877/,9.4,,林海音,2022-08-19 20:15:11
3464080314,彷徨,鲁迅 / 1973 / 人民文学出版社,"《彷徨》收入鲁迅1924年至1925年所作的小说，首篇《祝福》写于1924年2月16日，末篇《离婚》写于1925年11月6日，实际的时间跨度是一年半多，1926年由北京北新书局出版，列为作者所编的《乌合丛书》之一。此后印行的版本都与初版同。
书的扉页，有作者的题记：
朝发轫于苍梧兮，夕余至乎县圃；欲少留此灵琐兮，日忽忽将其暮。
吾令羲和弭节兮，望崦嵫而勿迫；路漫漫其修远兮，吾将上下而求索。
《彷徨》鲁迅先生写作于“五·四”运动后新文化阵营分化的时期。原来参加过新文化运动的人，“有的退隐，有的高升，有的前进”，鲁迅当时象布不成阵的游勇那样“孤独”和 “彷徨”。《彷徨》表现了他在这一时期在革命征途上探索的心情。
《彷徨》目录：
《祝福》
《在酒楼上》
《幸福的家庭》
《肥皂》
《长明灯》
《示众》
《高老夫子》
《孤独者》
《伤逝》
《弟兄》
《离婚》",https://img9.doubanio.com/view/subject/l/public/s34099293.jpg,1973-3,https://book.douban.com/subject/1449348/,9.2,,"阅读,小说,鲁迅",2022-08-19 19:19:45